<?xml version = '1.0' encoding = 'UTF-8'?>
<relationalModel class="oracle.dbtools.crest.model.design.relational.RelationalDesign" name="Relational_1" id="32BBD37B-A855-D9D1-E17D-CF6B156A0AD4" mainViewID="A7B3A2B0-AED1-EFCC-7799-9D61E649EA19">
<createdBy>juliz</createdBy>
<createdTime>2024-09-23 22:35:49 UTC</createdTime>
<ownerDesignName>Modelos_practica2_g7</ownerDesignName>
<shouldBeOpen>false</shouldBeOpen>
<selectedRDBMSSite>32076570-2523-435C-2E92-BF29817DFF70</selectedRDBMSSite>
</relationalModel>