<?xml version = '1.0' encoding = 'UTF-8'?>
<Diagram class="oracle.dbtools.crest.swingui.relational.DPVRelational" name="Relational_1" id="A7B3A2B0-AED1-EFCC-7799-9D61E649EA19">
<createdBy>juliz</createdBy>
<modifiedBy>juliz</modifiedBy>
<createdTime>2024-09-23 23:04:35 UTC</createdTime>
<autoRoute>false</autoRoute>
<boxInbox>true</boxInbox>
<showLegend>false</showLegend>
<showLabels>false</showLabels>
<showRelAttributes>false</showRelAttributes>
<gridEnabled>false</gridEnabled>
<showGrid>false</showGrid>
<diagramColor>-1</diagramColor>
<display>false</display>
<notation>1</notation>
<objectViews>
<OView class="oracle.dbtools.crest.swingui.relational.TVTable" oid="299EA53D-FF0D-D34E-591E-64DDCFA28F7D" otype="Table" vid="1AACA180-E7B4-A45A-3161-3769D033CA56">
<hideElementsInCurrentOnly>false</hideElementsInCurrentOnly>
<bounds x="383" y="51" width="211" height="151"/>
</OView>
<OView class="oracle.dbtools.crest.swingui.relational.TVTable" oid="5F642F4C-92BB-E513-2E7F-7338B1E7F444" otype="Table" vid="A90B92C6-EB5B-3E94-72E4-BABE5A34D7D3">
<hideElementsInCurrentOnly>false</hideElementsInCurrentOnly>
<bounds x="58" y="63" width="177" height="110"/>
</OView>
<OView class="oracle.dbtools.crest.swingui.relational.TVTable" oid="7B3A441E-690B-DCC8-516C-9D8B679A62D2" otype="Table" vid="97D620BF-9D0E-8821-354B-3F49EA23472F">
<hideElementsInCurrentOnly>false</hideElementsInCurrentOnly>
<bounds x="16" y="219" width="253" height="244"/>
</OView>
<OView class="oracle.dbtools.crest.swingui.relational.TVTable" oid="952CFD71-5AE0-D680-670B-28F50BC6940D" otype="Table" vid="DCE72840-8D92-03CB-8242-E1D10783F065">
<hideElementsInCurrentOnly>false</hideElementsInCurrentOnly>
<bounds x="725" y="442" width="277" height="144"/>
</OView>
<OView class="oracle.dbtools.crest.swingui.relational.TVTable" oid="B9D9DE1A-FAA7-C3BB-1E86-BB979B8691EA" otype="Table" vid="D80635A2-B66E-88D3-7A19-9EBB93BBF6A4">
<hideElementsInCurrentOnly>false</hideElementsInCurrentOnly>
<bounds x="727" y="190" width="309" height="182"/>
</OView>
<OView class="oracle.dbtools.crest.swingui.relational.TVTable" oid="BBEFDD91-3383-7316-B5C7-B7CB20580F8A" otype="Table" vid="FE2EB86F-62CA-240B-1812-679B1D6014F2">
<hideElementsInCurrentOnly>false</hideElementsInCurrentOnly>
<bounds x="357" y="243" width="244" height="123"/>
</OView>
<OView class="oracle.dbtools.crest.swingui.relational.TVTable" oid="D7508B3F-691E-BFDB-6708-A34EAF3FB085" otype="Table" vid="04149884-065E-3D6A-0836-28F20C89688A">
<hideElementsInCurrentOnly>false</hideElementsInCurrentOnly>
<bounds x="67" y="494" width="179" height="110"/>
</OView>
<OView class="oracle.dbtools.crest.swingui.relational.TVTable" oid="F1E514EF-AB96-4421-399C-9C29D7E3A0E2" otype="Table" vid="4F457B4A-8BB6-5DCD-8C6A-852F4E433EE1">
<hideElementsInCurrentOnly>false</hideElementsInCurrentOnly>
<bounds x="1103" y="450" width="200" height="110"/>
</OView>
</objectViews>
<connectors>
<Connector class="oracle.dbtools.crest.swingui.relational.TVFKRelation" oid="0D9C18B1-E9BE-8632-E6DD-88A20BC89201" otype="FKIndexAssociation" vid_source="A90B92C6-EB5B-3E94-72E4-BABE5A34D7D3" vid_target="1AACA180-E7B4-A45A-3161-3769D033CA56">
<hideElementsInCurrentOnly>false</hideElementsInCurrentOnly>
<backgroundColor>-16777216</backgroundColor>
<lineWidth>1</lineWidth>
<points>
<point x="235" y="118"/>
<point x="383" y="118"/>
</points>
</Connector>
<Connector class="oracle.dbtools.crest.swingui.relational.TVFKRelation" oid="32608D24-6243-2958-054F-329023B0502E" otype="FKIndexAssociation" vid_source="FE2EB86F-62CA-240B-1812-679B1D6014F2" vid_target="D80635A2-B66E-88D3-7A19-9EBB93BBF6A4">
<hideElementsInCurrentOnly>false</hideElementsInCurrentOnly>
<backgroundColor>-16777216</backgroundColor>
<lineWidth>1</lineWidth>
<points>
<point x="601" y="297"/>
<point x="610" y="297"/>
<point x="727" y="297"/>
</points>
</Connector>
<Connector class="oracle.dbtools.crest.swingui.relational.TVFKRelation" oid="332C6252-C4C3-354B-5517-FBDD17FB6131" otype="FKIndexAssociation" vid_source="DCE72840-8D92-03CB-8242-E1D10783F065" vid_target="D80635A2-B66E-88D3-7A19-9EBB93BBF6A4">
<hideElementsInCurrentOnly>false</hideElementsInCurrentOnly>
<backgroundColor>-16777216</backgroundColor>
<lineWidth>1</lineWidth>
<points>
<point x="864" y="442"/>
<point x="864" y="372"/>
</points>
</Connector>
<Connector class="oracle.dbtools.crest.swingui.relational.TVFKRelation" oid="6CC231DC-035F-9E4D-0014-E1DE60DC1E41" otype="FKIndexAssociation" vid_source="4F457B4A-8BB6-5DCD-8C6A-852F4E433EE1" vid_target="DCE72840-8D92-03CB-8242-E1D10783F065">
<hideElementsInCurrentOnly>false</hideElementsInCurrentOnly>
<backgroundColor>-16777216</backgroundColor>
<lineWidth>1</lineWidth>
<points>
<point x="1103" y="505"/>
<point x="1002" y="505"/>
</points>
</Connector>
<Connector class="oracle.dbtools.crest.swingui.relational.TVFKRelation" oid="7B0B4266-9376-E193-E9BE-53FF0493F5B6" otype="FKIndexAssociation" vid_source="A90B92C6-EB5B-3E94-72E4-BABE5A34D7D3" vid_target="97D620BF-9D0E-8821-354B-3F49EA23472F">
<hideElementsInCurrentOnly>false</hideElementsInCurrentOnly>
<backgroundColor>-16777216</backgroundColor>
<lineWidth>1</lineWidth>
<points>
<point x="146" y="173"/>
<point x="146" y="219"/>
</points>
</Connector>
<Connector class="oracle.dbtools.crest.swingui.relational.TVFKRelation" oid="8ED92FBB-D80D-F1AC-2445-37FA7FF61A3A" otype="FKIndexAssociation" vid_source="97D620BF-9D0E-8821-354B-3F49EA23472F" vid_target="FE2EB86F-62CA-240B-1812-679B1D6014F2">
<hideElementsInCurrentOnly>false</hideElementsInCurrentOnly>
<backgroundColor>-16777216</backgroundColor>
<lineWidth>1</lineWidth>
<points>
<point x="269" y="304"/>
<point x="357" y="304"/>
</points>
</Connector>
<Connector class="oracle.dbtools.crest.swingui.relational.TVFKRelation" oid="C9E3CCD1-1BEE-8C91-D8BE-CE0C138838B0" otype="FKIndexAssociation" vid_source="1AACA180-E7B4-A45A-3161-3769D033CA56" vid_target="D80635A2-B66E-88D3-7A19-9EBB93BBF6A4">
<hideElementsInCurrentOnly>false</hideElementsInCurrentOnly>
<backgroundColor>-16777216</backgroundColor>
<lineWidth>1</lineWidth>
<points>
<point x="594" y="119"/>
<point x="772" y="119"/>
<point x="772" y="190"/>
</points>
</Connector>
<Connector class="oracle.dbtools.crest.swingui.relational.TVFKRelation" oid="E9AD7854-560A-C005-1AF2-DB392EC2B5C4" otype="FKIndexAssociation" vid_source="04149884-065E-3D6A-0836-28F20C89688A" vid_target="97D620BF-9D0E-8821-354B-3F49EA23472F">
<hideElementsInCurrentOnly>false</hideElementsInCurrentOnly>
<backgroundColor>-16777216</backgroundColor>
<lineWidth>1</lineWidth>
<points>
<point x="156" y="494"/>
<point x="156" y="463"/>
</points>
</Connector>
</connectors>
</Diagram>