<?xml version = '1.0' encoding = 'UTF-8'?>
<Relation class="oracle.dbtools.crest.model.design.logical.Relation" name="Relation_1" directorySegmentName="seg_0" id="0BB9D776-2CC6-4027-B45B-D50553B2A1C8">
<createdBy>juliz</createdBy>
<createdTime>2024-09-23 23:01:19 UTC</createdTime>
<ownerDesignName>Modelos_practica2_g7</ownerDesignName>
<engineerTo>
<item key="32BBD37B-A855-D9D1-E17D-CF6B156A0AD4" value="true"/>
</engineerTo>
<sourcePk>87EEE606-FA12-C7BA-3369-B8F8813F3B0F</sourcePk>
<identifying>false</identifying>
<optionalSource>true</optionalSource>
<optionalTarget>false</optionalTarget>
<sourceCardinality>1</sourceCardinality>
<sourceEntity>A8FC1690-44EB-8059-640E-79B246BF0E74</sourceEntity>
<targetCardinalityString>*</targetCardinalityString>
<targetEntity>AC6AD40B-3EAF-1044-D7EE-9AD297421906</targetEntity>
<transferable>true</transferable>
<deleteRule>NO ACTION</deleteRule>
</Relation>