<?xml version = '1.0' encoding = 'UTF-8'?>
<Relation class="oracle.dbtools.crest.model.design.logical.Relation" name="Relation_5" directorySegmentName="seg_0" id="62826C38-AA67-30D2-14BE-85F06BA25FEB">
<createdBy>juliz</createdBy>
<createdTime>2024-09-23 23:02:27 UTC</createdTime>
<ownerDesignName>Modelos_practica2_g7</ownerDesignName>
<engineerTo>
<item key="32BBD37B-A855-D9D1-E17D-CF6B156A0AD4" value="true"/>
</engineerTo>
<sourcePk>E1F34125-3F19-8564-1C48-70C1F7A17F9A</sourcePk>
<identifying>false</identifying>
<optionalSource>true</optionalSource>
<optionalTarget>false</optionalTarget>
<sourceCardinality>1</sourceCardinality>
<sourceEntity>AA494C7E-75C3-0555-CE22-BAC38B86A359</sourceEntity>
<targetCardinalityString>1</targetCardinalityString>
<targetEntity>D6A2CFF5-B2BE-547E-5608-F499B0429573</targetEntity>
<transferable>true</transferable>
<deleteRule>NO ACTION</deleteRule>
</Relation>