<?xml version = '1.0' encoding = 'UTF-8'?>
<Relation class="oracle.dbtools.crest.model.design.logical.Relation" name="Relation_10" directorySegmentName="seg_0" id="63DE311A-E9C9-99FD-D5FC-D56FF87F70D0">
<createdBy>juliz</createdBy>
<createdTime>2024-09-23 23:40:50 UTC</createdTime>
<ownerDesignName>Modelos_practica2_g7</ownerDesignName>
<engineerTo>
<item key="32BBD37B-A855-D9D1-E17D-CF6B156A0AD4" value="true"/>
</engineerTo>
<sourcePk>1AA60CE8-4399-7615-598D-4955699149D9</sourcePk>
<identifying>false</identifying>
<optionalSource>true</optionalSource>
<optionalTarget>false</optionalTarget>
<sourceCardinality>1</sourceCardinality>
<sourceEntity>AC6AD40B-3EAF-1044-D7EE-9AD297421906</sourceEntity>
<targetCardinalityString>*</targetCardinalityString>
<targetEntity>5B151546-0B57-EFD2-879A-53199357D5B0</targetEntity>
<transferable>true</transferable>
<deleteRule>NO ACTION</deleteRule>
</Relation>