<?xml version = '1.0' encoding = 'UTF-8'?>
<Relation class="oracle.dbtools.crest.model.design.logical.Relation" name="Relation_9" directorySegmentName="seg_0" id="AA087818-2950-44DE-F819-2782B8BDE065">
<createdBy>juliz</createdBy>
<createdTime>2024-09-23 23:03:53 UTC</createdTime>
<ownerDesignName>Modelos_practica2_g7</ownerDesignName>
<engineerTo>
<item key="32BBD37B-A855-D9D1-E17D-CF6B156A0AD4" value="true"/>
</engineerTo>
<sourcePk>8C6693B0-7D14-9D4D-FC6A-1365C1183862</sourcePk>
<identifying>false</identifying>
<optionalSource>true</optionalSource>
<optionalTarget>false</optionalTarget>
<sourceCardinality>1</sourceCardinality>
<sourceEntity>F77FA6DD-9F64-A651-B88D-C186388BF121</sourceEntity>
<targetCardinalityString>1</targetCardinalityString>
<targetEntity>16FAC371-7CC0-FEC2-B26E-61C084061DA7</targetEntity>
<transferable>true</transferable>
<deleteRule>NO ACTION</deleteRule>
</Relation>