<?xml version = '1.0' encoding = 'UTF-8'?>
<Relation class="oracle.dbtools.crest.model.design.logical.Relation" name="Relation_14" directorySegmentName="seg_0" id="CF731549-CD16-BC19-4816-1B79C4154B88">
<createdBy>juliz</createdBy>
<createdTime>2024-09-24 15:48:47 UTC</createdTime>
<ownerDesignName>Modelos_practica2_g7</ownerDesignName>
<engineerTo>
<item key="32BBD37B-A855-D9D1-E17D-CF6B156A0AD4" value="true"/>
</engineerTo>
<sourcePk>B9D375CF-8044-5460-9F5D-C4C45501A88F</sourcePk>
<identifying>false</identifying>
<optionalSource>true</optionalSource>
<optionalTarget>false</optionalTarget>
<sourceCardinality>1</sourceCardinality>
<sourceEntity>16FAC371-7CC0-FEC2-B26E-61C084061DA7</sourceEntity>
<targetCardinalityString>*</targetCardinalityString>
<targetEntity>5B151546-0B57-EFD2-879A-53199357D5B0</targetEntity>
<transferable>true</transferable>
<deleteRule>NO ACTION</deleteRule>
</Relation>