<?xml version = '1.0' encoding = 'UTF-8'?>
<Relation class="oracle.dbtools.crest.model.design.logical.Relation" name="Relation_3" directorySegmentName="seg_0" id="DA3AE108-2190-ECF6-5908-D3B07A9ABC1E">
<createdBy>juliz</createdBy>
<createdTime>2024-09-23 23:02:03 UTC</createdTime>
<ownerDesignName>Modelos_practica2_g7</ownerDesignName>
<engineerTo>
<item key="32BBD37B-A855-D9D1-E17D-CF6B156A0AD4" value="true"/>
</engineerTo>
<sourcePk>77433031-B324-2BD3-35FB-1877CA888204</sourcePk>
<identifying>false</identifying>
<optionalSource>true</optionalSource>
<optionalTarget>false</optionalTarget>
<sourceCardinality>1</sourceCardinality>
<sourceEntity>0D17A641-6F90-8184-F8D7-171BFE0C43FA</sourceEntity>
<targetCardinalityString>1</targetCardinalityString>
<targetEntity>A8FC1690-44EB-8059-640E-79B246BF0E74</targetEntity>
<transferable>true</transferable>
<deleteRule>NO ACTION</deleteRule>
</Relation>