<?xml version = '1.0' encoding = 'UTF-8'?>
<Relation class="oracle.dbtools.crest.model.design.logical.Relation" name="Relation_11" directorySegmentName="seg_0" id="F52D4BB5-F1AF-D0FF-F62D-C9968EBAC2CD">
<createdBy>juliz</createdBy>
<createdTime>2024-09-23 23:41:08 UTC</createdTime>
<ownerDesignName>Modelos_practica2_g7</ownerDesignName>
<engineerTo>
<item key="32BBD37B-A855-D9D1-E17D-CF6B156A0AD4" value="true"/>
</engineerTo>
<sourcePk>4FB8A4EA-BB2B-FD7F-C429-DD31F1C63540</sourcePk>
<identifying>false</identifying>
<optionalSource>true</optionalSource>
<optionalTarget>false</optionalTarget>
<sourceCardinality>1</sourceCardinality>
<sourceEntity>D6A2CFF5-B2BE-547E-5608-F499B0429573</sourceEntity>
<targetCardinalityString>*</targetCardinalityString>
<targetEntity>5B151546-0B57-EFD2-879A-53199357D5B0</targetEntity>
<transferable>true</transferable>
<deleteRule>NO ACTION</deleteRule>
</Relation>