<?xml version = '1.0' encoding = 'UTF-8'?>
<Table class="oracle.dbtools.crest.model.design.relational.Table" directorySegmentName="seg_0" id="299EA53D-FF0D-D34E-591E-64DDCFA28F7D" name="Vendedor">
<createdBy>juliz</createdBy>
<createdTime>2024-09-23 23:04:35 UTC</createdTime>
<generatorID>D6A2CFF5-B2BE-547E-5608-F499B0429573</generatorID>
<ownerDesignName>Modelos_practica2_g7</ownerDesignName>
<allowColumnReorder>false</allowColumnReorder>
<existDependencyGenerateInDDl>true</existDependencyGenerateInDDl>
<parsed>true</parsed>
<columns itemClass="oracle.dbtools.crest.model.design.relational.Column">
<Column name="id_vendedor" id="E3FF470C-A7C4-7BF0-2DE9-A50639D5B41A">
<createdBy>juliz</createdBy>
<createdTime>2024-09-23 23:04:35 UTC</createdTime>
<generatorID>E8683C4E-ACC9-1DF5-BC6F-AAE57F5E5593</generatorID>
<ownerDesignName>Modelos_practica2_g7</ownerDesignName>
<useDomainConstraints>false</useDomainConstraints>
<use>1</use>
<logicalDatatype>LOGDT011</logicalDatatype>
<ownDataTypeParameters>,,</ownDataTypeParameters>
<autoIncrementCycle>false</autoIncrementCycle>
</Column>
<Column name="nombre" id="BB6864C8-8E53-004D-966D-2C1C7D1D0206">
<createdBy>juliz</createdBy>
<createdTime>2024-09-23 23:04:35 UTC</createdTime>
<generatorID>7F43DD95-E897-F937-7052-E3C877C992B4</generatorID>
<ownerDesignName>Modelos_practica2_g7</ownerDesignName>
<useDomainConstraints>false</useDomainConstraints>
<use>1</use>
<logicalDatatype>LOGDT024</logicalDatatype>
<dataTypeSize>50</dataTypeSize>
<ownDataTypeParameters>50,,</ownDataTypeParameters>
<autoIncrementCycle>false</autoIncrementCycle>
</Column>
<Column name="apellido" id="64FB5F07-EAE3-7E1E-D145-5DBF72731A77">
<createdBy>juliz</createdBy>
<createdTime>2024-09-23 23:04:35 UTC</createdTime>
<generatorID>AEB712E5-8D99-1851-1681-B5E2F5EA8C27</generatorID>
<ownerDesignName>Modelos_practica2_g7</ownerDesignName>
<useDomainConstraints>false</useDomainConstraints>
<use>1</use>
<logicalDatatype>LOGDT024</logicalDatatype>
<dataTypeSize>100</dataTypeSize>
<ownDataTypeParameters>100,,</ownDataTypeParameters>
<autoIncrementCycle>false</autoIncrementCycle>
</Column>
<Column name="Pais_id_pais" id="64BA950F-E50A-EC8A-3094-1AB05F15E521">
<createdBy>juliz</createdBy>
<createdTime>2024-09-23 23:04:35 UTC</createdTime>
<generatorID>1FB28AAA-2922-C615-5C8B-E552E9B878A1</generatorID>
<ownerDesignName>Modelos_practica2_g7</ownerDesignName>
<useDomainConstraints>false</useDomainConstraints>
<use>1</use>
<logicalDatatype>LOGDT011</logicalDatatype>
<ownDataTypeParameters>,,</ownDataTypeParameters>
<previousColumn>false</previousColumn>
<autoIncrementCycle>false</autoIncrementCycle>
<associations>
<colAssociation fkAssociation="0D9C18B1-E9BE-8632-E6DD-88A20BC89201" referredColumn="D89E2769-09F8-9EED-E5E9-C55368E3B097"/>
</associations>
</Column>
</columns>
<indexes itemClass="oracle.dbtools.crest.model.design.relational.Index">
<ind_PK_UK id="55157EAE-5477-E16B-0D6B-711741BAE590" name="Vendedor_PK">
<createdBy>juliz</createdBy>
<createdTime>2024-09-23 23:04:35 UTC</createdTime>
<generatorID>4FB8A4EA-BB2B-FD7F-C429-DD31F1C63540</generatorID>
<ownerDesignName>Modelos_practica2_g7</ownerDesignName>
<pk>true</pk>
<indexState>Primary Constraint</indexState>
<isSurrogateKey>false</isSurrogateKey>
<indexColumnUsage>
<colUsage columnID="E3FF470C-A7C4-7BF0-2DE9-A50639D5B41A"/>
</indexColumnUsage>
</ind_PK_UK>
<ind_PK_UK id="0A62BCE2-F094-455E-50C4-83182A6AD67D" name="Vendedor__IDX">
<createdBy>juliz</createdBy>
<createdTime>2024-09-23 23:04:35 UTC</createdTime>
<ownerDesignName>Modelos_practica2_g7</ownerDesignName>
<indexState>Unique Plain Index</indexState>
<isSurrogateKey>false</isSurrogateKey>
<relationGeneratorID>62826C38-AA67-30D2-14BE-85F06BA25FEB</relationGeneratorID>
<indexColumnUsage>
<colUsage columnID="64BA950F-E50A-EC8A-3094-1AB05F15E521"/>
</indexColumnUsage>
</ind_PK_UK>
<ind_PK_UK id="15C70551-2A26-82AB-FE0E-1DBFB4E10034" name="Vendedor_Pais_FK">
<createdBy>juliz</createdBy>
<createdTime>2024-09-23 23:04:35 UTC</createdTime>
<generatorID>62826C38-AA67-30D2-14BE-85F06BA25FEB</generatorID>
<ownerDesignName>Modelos_practica2_g7</ownerDesignName>
<indexState>Foreign Key</indexState>
<isSurrogateKey>false</isSurrogateKey>
<indexColumnUsage>
<colUsage columnID="64BA950F-E50A-EC8A-3094-1AB05F15E521"/>
</indexColumnUsage>
</ind_PK_UK>
</indexes>
</Table>