<?xml version = '1.0' encoding = 'UTF-8'?>
<Table class="oracle.dbtools.crest.model.design.relational.Table" directorySegmentName="seg_0" id="7B3A441E-690B-DCC8-516C-9D8B679A62D2" name="Cliente">
<createdBy>juliz</createdBy>
<createdTime>2024-09-23 23:04:35 UTC</createdTime>
<generatorID>A8FC1690-44EB-8059-640E-79B246BF0E74</generatorID>
<ownerDesignName>Modelos_practica2_g7</ownerDesignName>
<allowColumnReorder>false</allowColumnReorder>
<existDependencyGenerateInDDl>true</existDependencyGenerateInDDl>
<parsed>true</parsed>
<columns itemClass="oracle.dbtools.crest.model.design.relational.Column">
<Column name="id_cliente" id="696ED87C-99C7-5176-ACD9-2456A433339F">
<createdBy>juliz</createdBy>
<createdTime>2024-09-23 23:04:35 UTC</createdTime>
<generatorID>8B0113DA-DB34-FEA8-3B4D-CA053414CA7F</generatorID>
<ownerDesignName>Modelos_practica2_g7</ownerDesignName>
<useDomainConstraints>false</useDomainConstraints>
<use>1</use>
<logicalDatatype>LOGDT011</logicalDatatype>
<ownDataTypeParameters>,,</ownDataTypeParameters>
<autoIncrementCycle>false</autoIncrementCycle>
</Column>
<Column name="nombre" id="68008A0C-4507-B611-6DD4-6B6B57A18131">
<createdBy>juliz</createdBy>
<createdTime>2024-09-23 23:04:35 UTC</createdTime>
<generatorID>09200FD5-DB15-C7E6-BA97-A87B75555B7F</generatorID>
<ownerDesignName>Modelos_practica2_g7</ownerDesignName>
<useDomainConstraints>false</useDomainConstraints>
<use>1</use>
<logicalDatatype>LOGDT024</logicalDatatype>
<dataTypeSize>50</dataTypeSize>
<ownDataTypeParameters>50,,</ownDataTypeParameters>
<autoIncrementCycle>false</autoIncrementCycle>
</Column>
<Column name="apellido" id="718E7123-0E50-CFEF-8751-4C058DB20A4A">
<createdBy>juliz</createdBy>
<createdTime>2024-09-23 23:04:35 UTC</createdTime>
<generatorID>031ACB04-323E-8BA2-58B2-4D2967364ADB</generatorID>
<ownerDesignName>Modelos_practica2_g7</ownerDesignName>
<useDomainConstraints>false</useDomainConstraints>
<use>1</use>
<logicalDatatype>LOGDT024</logicalDatatype>
<dataTypeSize>100</dataTypeSize>
<ownDataTypeParameters>100,,</ownDataTypeParameters>
<autoIncrementCycle>false</autoIncrementCycle>
</Column>
<Column name="direccion" id="8D688C7B-E0ED-E196-EF81-681317FC0403">
<createdBy>juliz</createdBy>
<createdTime>2024-09-23 23:04:35 UTC</createdTime>
<generatorID>9733F136-9D97-9A44-B049-B247B8D3F979</generatorID>
<ownerDesignName>Modelos_practica2_g7</ownerDesignName>
<useDomainConstraints>false</useDomainConstraints>
<use>1</use>
<logicalDatatype>LOGDT024</logicalDatatype>
<dataTypeSize>250</dataTypeSize>
<ownDataTypeParameters>250,,</ownDataTypeParameters>
<autoIncrementCycle>false</autoIncrementCycle>
</Column>
<Column name="telefono" id="ABBB8F88-C80D-2FDF-31BA-764FAF1EC82E">
<createdBy>juliz</createdBy>
<createdTime>2024-09-23 23:04:35 UTC</createdTime>
<generatorID>6E1D281A-D23C-0947-91E6-A4D0386C5EA1</generatorID>
<ownerDesignName>Modelos_practica2_g7</ownerDesignName>
<useDomainConstraints>false</useDomainConstraints>
<use>1</use>
<logicalDatatype>LOGDT024</logicalDatatype>
<dataTypeSize>15</dataTypeSize>
<ownDataTypeParameters>15,,</ownDataTypeParameters>
<autoIncrementCycle>false</autoIncrementCycle>
</Column>
<Column name="tarjeta" id="18C8FD34-EF29-935D-E5D9-C1A6069609D3">
<createdBy>juliz</createdBy>
<createdTime>2024-09-23 23:04:35 UTC</createdTime>
<generatorID>612E0903-AC86-DCBA-48B3-02EBE5C66AE7</generatorID>
<ownerDesignName>Modelos_practica2_g7</ownerDesignName>
<useDomainConstraints>false</useDomainConstraints>
<use>1</use>
<logicalDatatype>LOGDT024</logicalDatatype>
<dataTypeSize>30</dataTypeSize>
<ownDataTypeParameters>30,,</ownDataTypeParameters>
<autoIncrementCycle>false</autoIncrementCycle>
</Column>
<Column name="edad" id="28F25BA7-957F-E1DD-FEF6-BD5FD7F7E82D">
<createdBy>juliz</createdBy>
<createdTime>2024-09-23 23:04:35 UTC</createdTime>
<generatorID>60882769-17E4-A1CD-5A38-784D62C84ACC</generatorID>
<ownerDesignName>Modelos_practica2_g7</ownerDesignName>
<useDomainConstraints>false</useDomainConstraints>
<use>1</use>
<logicalDatatype>LOGDT011</logicalDatatype>
<ownDataTypeParameters>,,</ownDataTypeParameters>
<autoIncrementCycle>false</autoIncrementCycle>
</Column>
<Column name="Genero_id_genero" id="519D62B9-0A46-C7BF-AC12-F83A7E687072">
<createdBy>juliz</createdBy>
<createdTime>2024-09-23 23:04:35 UTC</createdTime>
<generatorID>095BF9F0-73E4-53DF-1ACE-9E5F4DA1D269</generatorID>
<ownerDesignName>Modelos_practica2_g7</ownerDesignName>
<useDomainConstraints>false</useDomainConstraints>
<use>1</use>
<logicalDatatype>LOGDT011</logicalDatatype>
<ownDataTypeParameters>,,</ownDataTypeParameters>
<previousColumn>false</previousColumn>
<autoIncrementCycle>false</autoIncrementCycle>
<associations>
<colAssociation fkAssociation="E9AD7854-560A-C005-1AF2-DB392EC2B5C4" referredColumn="58C3CEBC-CA19-7B6A-15AB-4E7035702F8A"/>
</associations>
</Column>
<Column name="Pais_id_pais" id="22B77489-9D4E-1355-3515-8417A556DA1D">
<createdBy>juliz</createdBy>
<createdTime>2024-09-23 23:04:35 UTC</createdTime>
<generatorID>38AC0C1D-00AA-A913-BF1E-D053D6F1BB11</generatorID>
<ownerDesignName>Modelos_practica2_g7</ownerDesignName>
<useDomainConstraints>false</useDomainConstraints>
<use>1</use>
<logicalDatatype>LOGDT011</logicalDatatype>
<ownDataTypeParameters>,,</ownDataTypeParameters>
<previousColumn>false</previousColumn>
<autoIncrementCycle>false</autoIncrementCycle>
<associations>
<colAssociation fkAssociation="7B0B4266-9376-E193-E9BE-53FF0493F5B6" referredColumn="D89E2769-09F8-9EED-E5E9-C55368E3B097"/>
</associations>
</Column>
</columns>
<indexes itemClass="oracle.dbtools.crest.model.design.relational.Index">
<ind_PK_UK id="CE083583-8315-CB65-5B71-69BD410A4ED3" name="Cliente_PK">
<createdBy>juliz</createdBy>
<createdTime>2024-09-23 23:04:35 UTC</createdTime>
<generatorID>87EEE606-FA12-C7BA-3369-B8F8813F3B0F</generatorID>
<ownerDesignName>Modelos_practica2_g7</ownerDesignName>
<pk>true</pk>
<indexState>Primary Constraint</indexState>
<isSurrogateKey>false</isSurrogateKey>
<indexColumnUsage>
<colUsage columnID="696ED87C-99C7-5176-ACD9-2456A433339F"/>
</indexColumnUsage>
</ind_PK_UK>
<ind_PK_UK id="9BEB6243-BC5F-025B-EFAA-FDD1F4312ECE" name="Cliente__IDX">
<createdBy>juliz</createdBy>
<createdTime>2024-09-23 23:04:35 UTC</createdTime>
<ownerDesignName>Modelos_practica2_g7</ownerDesignName>
<indexState>Unique Plain Index</indexState>
<isSurrogateKey>false</isSurrogateKey>
<relationGeneratorID>DA3AE108-2190-ECF6-5908-D3B07A9ABC1E</relationGeneratorID>
<indexColumnUsage>
<colUsage columnID="519D62B9-0A46-C7BF-AC12-F83A7E687072"/>
</indexColumnUsage>
</ind_PK_UK>
<ind_PK_UK id="361FFD9C-6C3B-A335-8A23-25399DBCE6D4" name="Cliente__IDXv1">
<createdBy>juliz</createdBy>
<createdTime>2024-09-23 23:04:35 UTC</createdTime>
<ownerDesignName>Modelos_practica2_g7</ownerDesignName>
<indexState>Unique Plain Index</indexState>
<isSurrogateKey>false</isSurrogateKey>
<relationGeneratorID>AA4C772E-5B0C-5224-0875-A623CCF1ABD6</relationGeneratorID>
<indexColumnUsage>
<colUsage columnID="22B77489-9D4E-1355-3515-8417A556DA1D"/>
</indexColumnUsage>
</ind_PK_UK>
<ind_PK_UK id="0F88DB7D-A4AA-6F64-2FAB-C1DA2F0977F5" name="Cliente_Genero_FK">
<createdBy>juliz</createdBy>
<createdTime>2024-09-23 23:04:35 UTC</createdTime>
<generatorID>DA3AE108-2190-ECF6-5908-D3B07A9ABC1E</generatorID>
<ownerDesignName>Modelos_practica2_g7</ownerDesignName>
<indexState>Foreign Key</indexState>
<isSurrogateKey>false</isSurrogateKey>
<indexColumnUsage>
<colUsage columnID="519D62B9-0A46-C7BF-AC12-F83A7E687072"/>
</indexColumnUsage>
</ind_PK_UK>
<ind_PK_UK id="7A2D7FC4-D3DB-0AE1-C536-318CC3AC0AB4" name="Cliente_Pais_FK">
<createdBy>juliz</createdBy>
<createdTime>2024-09-23 23:04:35 UTC</createdTime>
<generatorID>AA4C772E-5B0C-5224-0875-A623CCF1ABD6</generatorID>
<ownerDesignName>Modelos_practica2_g7</ownerDesignName>
<indexState>Foreign Key</indexState>
<isSurrogateKey>false</isSurrogateKey>
<indexColumnUsage>
<colUsage columnID="22B77489-9D4E-1355-3515-8417A556DA1D"/>
</indexColumnUsage>
</ind_PK_UK>
</indexes>
</Table>