<?xml version = '1.0' encoding = 'UTF-8'?>
<Table class="oracle.dbtools.crest.model.design.relational.Table" directorySegmentName="seg_0" id="952CFD71-5AE0-D680-670B-28F50BC6940D" name="Producto">
<createdBy>juliz</createdBy>
<createdTime>2024-09-23 23:04:35 UTC</createdTime>
<generatorID>16FAC371-7CC0-FEC2-B26E-61C084061DA7</generatorID>
<ownerDesignName>Modelos_practica2_g7</ownerDesignName>
<allowColumnReorder>false</allowColumnReorder>
<existDependencyGenerateInDDl>true</existDependencyGenerateInDDl>
<parsed>true</parsed>
<columns itemClass="oracle.dbtools.crest.model.design.relational.Column">
<Column name="id_producto" id="644ACF52-DA91-8C3F-39D6-435F0903ABC8">
<createdBy>juliz</createdBy>
<createdTime>2024-09-23 23:04:35 UTC</createdTime>
<generatorID>AC5426C9-D281-0CE4-FF6B-AA9AAF363E36</generatorID>
<ownerDesignName>Modelos_practica2_g7</ownerDesignName>
<useDomainConstraints>false</useDomainConstraints>
<use>1</use>
<logicalDatatype>LOGDT011</logicalDatatype>
<ownDataTypeParameters>,,</ownDataTypeParameters>
<autoIncrementCycle>false</autoIncrementCycle>
</Column>
<Column name="nombre" id="AB226B10-1DEC-12A8-D084-0DFF459C6689">
<createdBy>juliz</createdBy>
<createdTime>2024-09-23 23:04:35 UTC</createdTime>
<generatorID>30AC048B-92A1-28A2-16DD-C9D0B642F0F2</generatorID>
<ownerDesignName>Modelos_practica2_g7</ownerDesignName>
<useDomainConstraints>false</useDomainConstraints>
<use>1</use>
<logicalDatatype>LOGDT024</logicalDatatype>
<dataTypeSize>150</dataTypeSize>
<ownDataTypeParameters>150,,</ownDataTypeParameters>
<autoIncrementCycle>false</autoIncrementCycle>
</Column>
<Column name="precio" id="60761A18-ECFB-EAD9-3A8A-031CC103E155">
<createdBy>juliz</createdBy>
<createdTime>2024-09-23 23:04:35 UTC</createdTime>
<generatorID>1DF6F534-E495-1F28-4EAF-A2215CB3339B</generatorID>
<ownerDesignName>Modelos_practica2_g7</ownerDesignName>
<useDomainConstraints>false</useDomainConstraints>
<use>1</use>
<logicalDatatype>LOGDT019</logicalDatatype>
<dataTypePrecision>10</dataTypePrecision>
<dataTypeScale>2</dataTypeScale>
<ownDataTypeParameters>,10,2</ownDataTypeParameters>
<autoIncrementCycle>false</autoIncrementCycle>
</Column>
<Column name="Categoria_id_categoria" id="77C67E6D-AA44-EDDB-ADEE-D54D95DC755E">
<createdBy>juliz</createdBy>
<createdTime>2024-09-23 23:04:35 UTC</createdTime>
<generatorID>5CCD6410-3266-CC86-37F6-9473F1E052B6</generatorID>
<ownerDesignName>Modelos_practica2_g7</ownerDesignName>
<useDomainConstraints>false</useDomainConstraints>
<use>1</use>
<logicalDatatype>LOGDT011</logicalDatatype>
<ownDataTypeParameters>,,</ownDataTypeParameters>
<previousColumn>false</previousColumn>
<autoIncrementCycle>false</autoIncrementCycle>
<associations>
<colAssociation fkAssociation="6CC231DC-035F-9E4D-0014-E1DE60DC1E41" referredColumn="B8FB2468-1B31-F7E1-11AC-A666F38AA0B8"/>
</associations>
</Column>
</columns>
<indexes itemClass="oracle.dbtools.crest.model.design.relational.Index">
<ind_PK_UK id="E96B926A-AF44-48D6-C155-AFB2ED5F4BF7" name="Producto_PK">
<createdBy>juliz</createdBy>
<createdTime>2024-09-23 23:04:35 UTC</createdTime>
<generatorID>B9D375CF-8044-5460-9F5D-C4C45501A88F</generatorID>
<ownerDesignName>Modelos_practica2_g7</ownerDesignName>
<pk>true</pk>
<indexState>Primary Constraint</indexState>
<isSurrogateKey>false</isSurrogateKey>
<indexColumnUsage>
<colUsage columnID="644ACF52-DA91-8C3F-39D6-435F0903ABC8"/>
</indexColumnUsage>
</ind_PK_UK>
<ind_PK_UK id="CC8327FB-0D3C-A529-0DBF-F0103349F140" name="Producto__IDX">
<createdBy>juliz</createdBy>
<createdTime>2024-09-23 23:04:35 UTC</createdTime>
<ownerDesignName>Modelos_practica2_g7</ownerDesignName>
<indexState>Unique Plain Index</indexState>
<isSurrogateKey>false</isSurrogateKey>
<relationGeneratorID>AA087818-2950-44DE-F819-2782B8BDE065</relationGeneratorID>
<indexColumnUsage>
<colUsage columnID="77C67E6D-AA44-EDDB-ADEE-D54D95DC755E"/>
</indexColumnUsage>
</ind_PK_UK>
<ind_PK_UK id="9BF245FC-AA32-F82A-BD3B-C9AA4BF39F00" name="Producto_Categoria_FK">
<createdBy>juliz</createdBy>
<createdTime>2024-09-23 23:04:35 UTC</createdTime>
<generatorID>AA087818-2950-44DE-F819-2782B8BDE065</generatorID>
<ownerDesignName>Modelos_practica2_g7</ownerDesignName>
<indexState>Foreign Key</indexState>
<isSurrogateKey>false</isSurrogateKey>
<indexColumnUsage>
<colUsage columnID="77C67E6D-AA44-EDDB-ADEE-D54D95DC755E"/>
</indexColumnUsage>
</ind_PK_UK>
</indexes>
</Table>