<?xml version = '1.0' encoding = 'UTF-8'?>
<Table class="oracle.dbtools.crest.model.design.relational.Table" directorySegmentName="seg_0" id="B9D9DE1A-FAA7-C3BB-1E86-BB979B8691EA" name="Detalle_Orden">
<createdBy>juliz</createdBy>
<createdTime>2024-09-23 23:46:28 UTC</createdTime>
<generatorID>5B151546-0B57-EFD2-879A-53199357D5B0</generatorID>
<ownerDesignName>Modelos_practica2_g7</ownerDesignName>
<allowColumnReorder>false</allowColumnReorder>
<existDependencyGenerateInDDl>true</existDependencyGenerateInDDl>
<parsed>true</parsed>
<columns itemClass="oracle.dbtools.crest.model.design.relational.Column">
<Column name="id_detalle" id="B7BEF745-04FC-4D0D-3D70-6BD4DB2A0D0D">
<createdBy>juliz</createdBy>
<createdTime>2024-09-23 23:46:28 UTC</createdTime>
<generatorID>CA2A4F4E-AFA5-7C4C-EFA4-CD4A203ECF14</generatorID>
<ownerDesignName>Modelos_practica2_g7</ownerDesignName>
<useDomainConstraints>false</useDomainConstraints>
<use>1</use>
<logicalDatatype>LOGDT011</logicalDatatype>
<ownDataTypeParameters>,,</ownDataTypeParameters>
<autoIncrementCycle>false</autoIncrementCycle>
</Column>
<Column name="linea_orden" id="B0D218C3-C614-7F7E-B5C1-7D9A6812063F">
<createdBy>juliz</createdBy>
<createdTime>2024-09-23 23:46:28 UTC</createdTime>
<generatorID>E53A83E8-8C00-7284-658D-E2E5E3AC8963</generatorID>
<ownerDesignName>Modelos_practica2_g7</ownerDesignName>
<useDomainConstraints>false</useDomainConstraints>
<use>1</use>
<logicalDatatype>LOGDT011</logicalDatatype>
<ownDataTypeParameters>,,</ownDataTypeParameters>
<autoIncrementCycle>false</autoIncrementCycle>
</Column>
<Column name="Orden_id_orden" id="0E3B9307-1E6B-B3C4-24F6-956BD8AEE2D2">
<createdBy>juliz</createdBy>
<createdTime>2024-09-23 23:46:28 UTC</createdTime>
<generatorID>71159CA6-BD28-95A2-F35B-7C8D03EA774E</generatorID>
<ownerDesignName>Modelos_practica2_g7</ownerDesignName>
<useDomainConstraints>false</useDomainConstraints>
<use>1</use>
<logicalDatatype>LOGDT011</logicalDatatype>
<ownDataTypeParameters>,,</ownDataTypeParameters>
<previousColumn>false</previousColumn>
<autoIncrementCycle>false</autoIncrementCycle>
<associations>
<colAssociation fkAssociation="32608D24-6243-2958-054F-329023B0502E" referredColumn="6D4DB65C-4654-694D-AE0C-FF059D8EFE3C"/>
</associations>
</Column>
<Column name="Vendedor_id_vendedor" id="E247E04F-7E59-C616-464C-DCC5B5BB6984">
<createdBy>juliz</createdBy>
<createdTime>2024-09-23 23:46:28 UTC</createdTime>
<generatorID>63F5C995-F272-1D5F-C080-87EF1013D1A5</generatorID>
<ownerDesignName>Modelos_practica2_g7</ownerDesignName>
<useDomainConstraints>false</useDomainConstraints>
<use>1</use>
<logicalDatatype>LOGDT011</logicalDatatype>
<ownDataTypeParameters>,,</ownDataTypeParameters>
<previousColumn>false</previousColumn>
<autoIncrementCycle>false</autoIncrementCycle>
<associations>
<colAssociation fkAssociation="C9E3CCD1-1BEE-8C91-D8BE-CE0C138838B0" referredColumn="E3FF470C-A7C4-7BF0-2DE9-A50639D5B41A"/>
</associations>
</Column>
<Column name="cantidad" id="66A3204F-A182-1D2D-06C6-AB90552192BA">
<createdBy>juliz</createdBy>
<createdTime>2024-09-24 16:05:26 UTC</createdTime>
<generatorID>30950BD3-1AB2-B57B-BCAA-BD46907DF5F6</generatorID>
<ownerDesignName>Modelos_practica2_g7</ownerDesignName>
<useDomainConstraints>false</useDomainConstraints>
<use>1</use>
<logicalDatatype>LOGDT011</logicalDatatype>
<ownDataTypeParameters>,,</ownDataTypeParameters>
<autoIncrementCycle>false</autoIncrementCycle>
</Column>
<Column name="Producto_id_producto" id="FD8BA698-1FD9-F4B6-C900-665815C33630">
<createdBy>juliz</createdBy>
<createdTime>2024-09-24 16:05:26 UTC</createdTime>
<generatorID>9A2A8BB6-605A-A9C5-7F33-C692441C821C</generatorID>
<ownerDesignName>Modelos_practica2_g7</ownerDesignName>
<useDomainConstraints>false</useDomainConstraints>
<use>1</use>
<logicalDatatype>LOGDT011</logicalDatatype>
<ownDataTypeParameters>,,</ownDataTypeParameters>
<previousColumn>false</previousColumn>
<autoIncrementCycle>false</autoIncrementCycle>
<associations>
<colAssociation fkAssociation="332C6252-C4C3-354B-5517-FBDD17FB6131" referredColumn="644ACF52-DA91-8C3F-39D6-435F0903ABC8"/>
</associations>
</Column>
</columns>
<indexes itemClass="oracle.dbtools.crest.model.design.relational.Index">
<ind_PK_UK id="B3A12023-5036-1AAE-074F-719847E5CE3B" name="Detalle_Orden_PK">
<createdBy>juliz</createdBy>
<createdTime>2024-09-23 23:46:28 UTC</createdTime>
<generatorID>C7820621-6B15-3FCA-B3D8-43DC60E9494D</generatorID>
<ownerDesignName>Modelos_practica2_g7</ownerDesignName>
<pk>true</pk>
<indexState>Primary Constraint</indexState>
<isSurrogateKey>false</isSurrogateKey>
<indexColumnUsage>
<colUsage columnID="B7BEF745-04FC-4D0D-3D70-6BD4DB2A0D0D"/>
</indexColumnUsage>
</ind_PK_UK>
<ind_PK_UK id="36E0A6AA-5D5F-C0CE-11B0-3ECCDB9265D7" name="Detalle_Orden_Orden_FK">
<createdBy>juliz</createdBy>
<createdTime>2024-09-23 23:46:28 UTC</createdTime>
<generatorID>63DE311A-E9C9-99FD-D5FC-D56FF87F70D0</generatorID>
<ownerDesignName>Modelos_practica2_g7</ownerDesignName>
<indexState>Foreign Key</indexState>
<isSurrogateKey>false</isSurrogateKey>
<indexColumnUsage>
<colUsage columnID="0E3B9307-1E6B-B3C4-24F6-956BD8AEE2D2"/>
</indexColumnUsage>
</ind_PK_UK>
<ind_PK_UK id="678390E4-A73A-74A2-F5A8-A1826D6311EA" name="Detalle_Orden_Vendedor_FK">
<createdBy>juliz</createdBy>
<createdTime>2024-09-23 23:46:28 UTC</createdTime>
<generatorID>F52D4BB5-F1AF-D0FF-F62D-C9968EBAC2CD</generatorID>
<ownerDesignName>Modelos_practica2_g7</ownerDesignName>
<indexState>Foreign Key</indexState>
<isSurrogateKey>false</isSurrogateKey>
<indexColumnUsage>
<colUsage columnID="E247E04F-7E59-C616-464C-DCC5B5BB6984"/>
</indexColumnUsage>
</ind_PK_UK>
<ind_PK_UK id="7A9076D6-3E1E-7116-8678-15F11FBF6E67" name="Detalle_Orden_Producto_FK">
<createdBy>juliz</createdBy>
<createdTime>2024-09-24 16:05:27 UTC</createdTime>
<generatorID>CF731549-CD16-BC19-4816-1B79C4154B88</generatorID>
<ownerDesignName>Modelos_practica2_g7</ownerDesignName>
<indexState>Foreign Key</indexState>
<isSurrogateKey>false</isSurrogateKey>
<indexColumnUsage>
<colUsage columnID="FD8BA698-1FD9-F4B6-C900-665815C33630"/>
</indexColumnUsage>
</ind_PK_UK>
</indexes>
</Table>