<?xml version = '1.0' encoding = 'UTF-8'?>
<Table class="oracle.dbtools.crest.model.design.relational.Table" directorySegmentName="seg_0" id="BBEFDD91-3383-7316-B5C7-B7CB20580F8A" name="Orden">
<createdBy>juliz</createdBy>
<createdTime>2024-09-23 23:04:35 UTC</createdTime>
<generatorID>AC6AD40B-3EAF-1044-D7EE-9AD297421906</generatorID>
<ownerDesignName>Modelos_practica2_g7</ownerDesignName>
<allowColumnReorder>false</allowColumnReorder>
<existDependencyGenerateInDDl>true</existDependencyGenerateInDDl>
<parsed>true</parsed>
<columns itemClass="oracle.dbtools.crest.model.design.relational.Column">
<Column name="id_orden" id="6D4DB65C-4654-694D-AE0C-FF059D8EFE3C">
<createdBy>juliz</createdBy>
<createdTime>2024-09-23 23:04:35 UTC</createdTime>
<generatorID>FEED96F0-427B-274D-F1E4-5B57810F74D8</generatorID>
<ownerDesignName>Modelos_practica2_g7</ownerDesignName>
<useDomainConstraints>false</useDomainConstraints>
<use>1</use>
<logicalDatatype>LOGDT011</logicalDatatype>
<ownDataTypeParameters>,,</ownDataTypeParameters>
<autoIncrementCycle>false</autoIncrementCycle>
</Column>
<Column name="Cliente_id_cliente" id="7ABD2E21-411E-C765-7E97-8C38A75FEFEF">
<createdBy>juliz</createdBy>
<createdTime>2024-09-23 23:04:35 UTC</createdTime>
<generatorID>B17E3758-1D48-BE79-7ECF-E4333A0FD225</generatorID>
<ownerDesignName>Modelos_practica2_g7</ownerDesignName>
<useDomainConstraints>false</useDomainConstraints>
<use>1</use>
<logicalDatatype>LOGDT011</logicalDatatype>
<ownDataTypeParameters>,,</ownDataTypeParameters>
<previousColumn>false</previousColumn>
<autoIncrementCycle>false</autoIncrementCycle>
<associations>
<colAssociation fkAssociation="8ED92FBB-D80D-F1AC-2445-37FA7FF61A3A" referredColumn="696ED87C-99C7-5176-ACD9-2456A433339F"/>
</associations>
</Column>
<Column name="fecha_orden" id="083AC402-9275-0B5F-5ED0-0265DEEBEF1B">
<createdBy>juliz</createdBy>
<createdTime>2024-09-24 16:05:26 UTC</createdTime>
<generatorID>A3F69D04-E25B-237F-D153-7FCFF87482C4</generatorID>
<ownerDesignName>Modelos_practica2_g7</ownerDesignName>
<useDomainConstraints>false</useDomainConstraints>
<use>1</use>
<logicalDatatype>LOGDT007</logicalDatatype>
<ownDataTypeParameters>,,</ownDataTypeParameters>
<autoIncrementCycle>false</autoIncrementCycle>
</Column>
</columns>
<indexes itemClass="oracle.dbtools.crest.model.design.relational.Index">
<ind_PK_UK id="7F0F4FB0-693C-4F52-A7F9-49ADB035FA04" name="Orden_PK">
<createdBy>juliz</createdBy>
<createdTime>2024-09-23 23:04:35 UTC</createdTime>
<generatorID>1AA60CE8-4399-7615-598D-4955699149D9</generatorID>
<ownerDesignName>Modelos_practica2_g7</ownerDesignName>
<pk>true</pk>
<indexState>Primary Constraint</indexState>
<isSurrogateKey>false</isSurrogateKey>
<indexColumnUsage>
<colUsage columnID="6D4DB65C-4654-694D-AE0C-FF059D8EFE3C"/>
</indexColumnUsage>
</ind_PK_UK>
<ind_PK_UK id="24AEA110-6A12-F134-8CCA-6BC73A732AEF" name="Orden_Cliente_FK">
<createdBy>juliz</createdBy>
<createdTime>2024-09-23 23:04:35 UTC</createdTime>
<generatorID>0BB9D776-2CC6-4027-B45B-D50553B2A1C8</generatorID>
<ownerDesignName>Modelos_practica2_g7</ownerDesignName>
<indexState>Foreign Key</indexState>
<isSurrogateKey>false</isSurrogateKey>
<indexColumnUsage>
<colUsage columnID="7ABD2E21-411E-C765-7E97-8C38A75FEFEF"/>
</indexColumnUsage>
</ind_PK_UK>
</indexes>
</Table>