<?xml version = '1.0' encoding = 'UTF-8'?>
<Table class="oracle.dbtools.crest.model.design.relational.Table" directorySegmentName="seg_0" id="D7508B3F-691E-BFDB-6708-A34EAF3FB085" name="Genero">
<createdBy>juliz</createdBy>
<createdTime>2024-09-23 23:04:35 UTC</createdTime>
<generatorID>0D17A641-6F90-8184-F8D7-171BFE0C43FA</generatorID>
<ownerDesignName>Modelos_practica2_g7</ownerDesignName>
<allowColumnReorder>false</allowColumnReorder>
<existDependencyGenerateInDDl>true</existDependencyGenerateInDDl>
<parsed>true</parsed>
<columns itemClass="oracle.dbtools.crest.model.design.relational.Column">
<Column name="id_genero" id="58C3CEBC-CA19-7B6A-15AB-4E7035702F8A">
<createdBy>juliz</createdBy>
<createdTime>2024-09-23 23:04:35 UTC</createdTime>
<generatorID>7AB11A9C-7BA4-651E-41F0-916F6AAC7FA0</generatorID>
<ownerDesignName>Modelos_practica2_g7</ownerDesignName>
<useDomainConstraints>false</useDomainConstraints>
<use>1</use>
<logicalDatatype>LOGDT011</logicalDatatype>
<ownDataTypeParameters>,,</ownDataTypeParameters>
<autoIncrementCycle>false</autoIncrementCycle>
</Column>
<Column name="nombre" id="66A42C65-0BF1-D543-BBBD-F7BA146B692F">
<createdBy>juliz</createdBy>
<createdTime>2024-09-23 23:04:35 UTC</createdTime>
<generatorID>1FDE5F54-5872-5EAD-949C-048A26BD557C</generatorID>
<ownerDesignName>Modelos_practica2_g7</ownerDesignName>
<useDomainConstraints>false</useDomainConstraints>
<use>1</use>
<logicalDatatype>LOGDT024</logicalDatatype>
<dataTypeSize>1</dataTypeSize>
<ownDataTypeParameters>1,,</ownDataTypeParameters>
<autoIncrementCycle>false</autoIncrementCycle>
</Column>
</columns>
<indexes itemClass="oracle.dbtools.crest.model.design.relational.Index">
<ind_PK_UK id="DAA612F5-917E-4A03-8C2D-CE4AA846AFB4" name="Genero_PK">
<createdBy>juliz</createdBy>
<createdTime>2024-09-23 23:04:35 UTC</createdTime>
<generatorID>77433031-B324-2BD3-35FB-1877CA888204</generatorID>
<ownerDesignName>Modelos_practica2_g7</ownerDesignName>
<pk>true</pk>
<indexState>Primary Constraint</indexState>
<isSurrogateKey>false</isSurrogateKey>
<indexColumnUsage>
<colUsage columnID="58C3CEBC-CA19-7B6A-15AB-4E7035702F8A"/>
</indexColumnUsage>
</ind_PK_UK>
</indexes>
</Table>