<?xml version = '1.0' encoding = 'UTF-8'?>
<Table class="oracle.dbtools.crest.model.design.relational.Table" directorySegmentName="seg_0" id="F1E514EF-AB96-4421-399C-9C29D7E3A0E2" name="Categoria">
<createdBy>juliz</createdBy>
<createdTime>2024-09-23 23:04:35 UTC</createdTime>
<generatorID>F77FA6DD-9F64-A651-B88D-C186388BF121</generatorID>
<ownerDesignName>Modelos_practica2_g7</ownerDesignName>
<allowColumnReorder>false</allowColumnReorder>
<existDependencyGenerateInDDl>true</existDependencyGenerateInDDl>
<parsed>true</parsed>
<columns itemClass="oracle.dbtools.crest.model.design.relational.Column">
<Column name="id_categoria" id="B8FB2468-1B31-F7E1-11AC-A666F38AA0B8">
<createdBy>juliz</createdBy>
<createdTime>2024-09-23 23:04:35 UTC</createdTime>
<generatorID>DEF6C7C4-DE04-4414-B49A-2EAE11C8443A</generatorID>
<ownerDesignName>Modelos_practica2_g7</ownerDesignName>
<useDomainConstraints>false</useDomainConstraints>
<use>1</use>
<logicalDatatype>LOGDT011</logicalDatatype>
<ownDataTypeParameters>,,</ownDataTypeParameters>
<autoIncrementCycle>false</autoIncrementCycle>
</Column>
<Column name="nombre" id="7C056C84-3C3E-8826-9247-70D87911B7A4">
<createdBy>juliz</createdBy>
<createdTime>2024-09-23 23:04:35 UTC</createdTime>
<generatorID>51932B00-B4DF-0D41-9888-AB6EF3333169</generatorID>
<ownerDesignName>Modelos_practica2_g7</ownerDesignName>
<useDomainConstraints>false</useDomainConstraints>
<use>1</use>
<logicalDatatype>LOGDT024</logicalDatatype>
<dataTypeSize>100</dataTypeSize>
<ownDataTypeParameters>100,,</ownDataTypeParameters>
<autoIncrementCycle>false</autoIncrementCycle>
</Column>
</columns>
<indexes itemClass="oracle.dbtools.crest.model.design.relational.Index">
<ind_PK_UK id="939597DA-301B-A7B4-5AB4-F3C6AF5EEB93" name="Categoria_PK">
<createdBy>juliz</createdBy>
<createdTime>2024-09-23 23:04:35 UTC</createdTime>
<generatorID>8C6693B0-7D14-9D4D-FC6A-1365C1183862</generatorID>
<ownerDesignName>Modelos_practica2_g7</ownerDesignName>
<pk>true</pk>
<indexState>Primary Constraint</indexState>
<isSurrogateKey>false</isSurrogateKey>
<indexColumnUsage>
<colUsage columnID="B8FB2468-1B31-F7E1-11AC-A666F38AA0B8"/>
</indexColumnUsage>
</ind_PK_UK>
</indexes>
</Table>