<?xml version = '1.0' encoding = 'UTF-8'?>
<Diagram class="oracle.dbtools.crest.swingui.logical.DPVLogical" name="Logical" id="7971D1F4-CA44-3414-6C4E-64F841517FAC">
<createdBy>juliz</createdBy>
<modifiedBy>juliz</modifiedBy>
<createdTime>2024-09-23 22:37:02 UTC</createdTime>
<autoRoute>false</autoRoute>
<boxInbox>true</boxInbox>
<showLegend>false</showLegend>
<showLabels>false</showLabels>
<showRelAttributes>false</showRelAttributes>
<gridEnabled>false</gridEnabled>
<showGrid>false</showGrid>
<diagramColor>-1</diagramColor>
<display>false</display>
<notation>1</notation>
<objectViews>
<OView class="oracle.dbtools.crest.swingui.logical.TVEntity" oid="0D17A641-6F90-8184-F8D7-171BFE0C43FA" otype="Entity" vid="A87A511A-A67C-644C-A412-E337ECD257A7">
<hideElementsInCurrentOnly>false</hideElementsInCurrentOnly>
<bounds x="100" y="453" width="170" height="110"/>
</OView>
<OView class="oracle.dbtools.crest.swingui.logical.TVEntity" oid="16FAC371-7CC0-FEC2-B26E-61C084061DA7" otype="Entity" vid="72FC7984-6F6A-44D8-0E6F-C2CA677CD48A">
<hideElementsInCurrentOnly>false</hideElementsInCurrentOnly>
<bounds x="684" y="440" width="170" height="110"/>
</OView>
<OView class="oracle.dbtools.crest.swingui.logical.TVEntity" oid="5B151546-0B57-EFD2-879A-53199357D5B0" otype="Entity" vid="FA3C283B-4C0E-964F-B477-5A1C85DA7EA7">
<hideElementsInCurrentOnly>false</hideElementsInCurrentOnly>
<bounds x="678" y="248" width="174" height="78"/>
</OView>
<OView class="oracle.dbtools.crest.swingui.logical.TVEntity" oid="A8FC1690-44EB-8059-640E-79B246BF0E74" otype="Entity" vid="6CAA4DA9-7F51-AF66-27FF-08411292CFA8">
<hideElementsInCurrentOnly>false</hideElementsInCurrentOnly>
<bounds x="73" y="239" width="213" height="136"/>
</OView>
<OView class="oracle.dbtools.crest.swingui.logical.TVEntity" oid="AA494C7E-75C3-0555-CE22-BAC38B86A359" otype="Entity" vid="7A3DE8BB-BB39-B26B-DAE3-8258EA436949">
<hideElementsInCurrentOnly>false</hideElementsInCurrentOnly>
<bounds x="95" y="60" width="170" height="110"/>
</OView>
<OView class="oracle.dbtools.crest.swingui.logical.TVEntity" oid="AC6AD40B-3EAF-1044-D7EE-9AD297421906" otype="Entity" vid="DF1496CE-1A14-4CB9-537D-E3505B387CBD">
<hideElementsInCurrentOnly>false</hideElementsInCurrentOnly>
<bounds x="392" y="237" width="170" height="110"/>
</OView>
<OView class="oracle.dbtools.crest.swingui.logical.TVEntity" oid="D6A2CFF5-B2BE-547E-5608-F499B0429573" otype="Entity" vid="8AA557E8-45D8-5B09-E94E-8F8268E2B97E">
<hideElementsInCurrentOnly>false</hideElementsInCurrentOnly>
<bounds x="395" y="56" width="170" height="110"/>
</OView>
<OView class="oracle.dbtools.crest.swingui.logical.TVEntity" oid="F77FA6DD-9F64-A651-B88D-C186388BF121" otype="Entity" vid="F4EEB8D3-2389-F336-3DFB-D0990B6A3D7A">
<hideElementsInCurrentOnly>false</hideElementsInCurrentOnly>
<bounds x="939" y="432" width="163" height="108"/>
</OView>
</objectViews>
<connectors>
<Connector class="oracle.dbtools.crest.swingui.logical.TVRelation" oid="0BB9D776-2CC6-4027-B45B-D50553B2A1C8" otype="Relation" vid_source="6CAA4DA9-7F51-AF66-27FF-08411292CFA8" vid_target="DF1496CE-1A14-4CB9-537D-E3505B387CBD">
<hideElementsInCurrentOnly>false</hideElementsInCurrentOnly>
<backgroundColor>-16777216</backgroundColor>
<lineWidth>1</lineWidth>
<points>
<point x="286" y="293"/>
<point x="392" y="293"/>
</points>
</Connector>
<Connector class="oracle.dbtools.crest.swingui.logical.TVRelation" oid="62826C38-AA67-30D2-14BE-85F06BA25FEB" otype="Relation" vid_source="7A3DE8BB-BB39-B26B-DAE3-8258EA436949" vid_target="8AA557E8-45D8-5B09-E94E-8F8268E2B97E">
<hideElementsInCurrentOnly>false</hideElementsInCurrentOnly>
<backgroundColor>-16777216</backgroundColor>
<lineWidth>1</lineWidth>
<points>
<point x="265" y="113"/>
<point x="395" y="113"/>
</points>
</Connector>
<Connector class="oracle.dbtools.crest.swingui.logical.TVRelation" oid="63DE311A-E9C9-99FD-D5FC-D56FF87F70D0" otype="Relation" vid_source="DF1496CE-1A14-4CB9-537D-E3505B387CBD" vid_target="FA3C283B-4C0E-964F-B477-5A1C85DA7EA7">
<hideElementsInCurrentOnly>false</hideElementsInCurrentOnly>
<backgroundColor>-16777216</backgroundColor>
<lineWidth>1</lineWidth>
<points>
<point x="562" y="297"/>
<point x="610" y="297"/>
<point x="678" y="297"/>
</points>
</Connector>
<Connector class="oracle.dbtools.crest.swingui.logical.TVRelation" oid="AA087818-2950-44DE-F819-2782B8BDE065" otype="Relation" vid_source="F4EEB8D3-2389-F336-3DFB-D0990B6A3D7A" vid_target="72FC7984-6F6A-44D8-0E6F-C2CA677CD48A">
<hideElementsInCurrentOnly>false</hideElementsInCurrentOnly>
<backgroundColor>-16777216</backgroundColor>
<lineWidth>1</lineWidth>
<points>
<point x="939" y="490"/>
<point x="854" y="490"/>
</points>
</Connector>
<Connector class="oracle.dbtools.crest.swingui.logical.TVRelation" oid="AA4C772E-5B0C-5224-0875-A623CCF1ABD6" otype="Relation" vid_source="7A3DE8BB-BB39-B26B-DAE3-8258EA436949" vid_target="6CAA4DA9-7F51-AF66-27FF-08411292CFA8">
<hideElementsInCurrentOnly>false</hideElementsInCurrentOnly>
<backgroundColor>-16777216</backgroundColor>
<lineWidth>1</lineWidth>
<points>
<point x="180" y="170"/>
<point x="180" y="239"/>
</points>
</Connector>
<Connector class="oracle.dbtools.crest.swingui.logical.TVRelation" oid="CF731549-CD16-BC19-4816-1B79C4154B88" otype="Relation" vid_source="72FC7984-6F6A-44D8-0E6F-C2CA677CD48A" vid_target="FA3C283B-4C0E-964F-B477-5A1C85DA7EA7">
<hideElementsInCurrentOnly>false</hideElementsInCurrentOnly>
<backgroundColor>-16777216</backgroundColor>
<lineWidth>1</lineWidth>
<points>
<point x="768" y="440"/>
<point x="768" y="326"/>
</points>
</Connector>
<Connector class="oracle.dbtools.crest.swingui.logical.TVRelation" oid="DA3AE108-2190-ECF6-5908-D3B07A9ABC1E" otype="Relation" vid_source="A87A511A-A67C-644C-A412-E337ECD257A7" vid_target="6CAA4DA9-7F51-AF66-27FF-08411292CFA8">
<hideElementsInCurrentOnly>false</hideElementsInCurrentOnly>
<backgroundColor>-16777216</backgroundColor>
<lineWidth>1</lineWidth>
<points>
<point x="185" y="453"/>
<point x="185" y="375"/>
</points>
</Connector>
<Connector class="oracle.dbtools.crest.swingui.logical.TVRelation" oid="F52D4BB5-F1AF-D0FF-F62D-C9968EBAC2CD" otype="Relation" vid_source="8AA557E8-45D8-5B09-E94E-8F8268E2B97E" vid_target="FA3C283B-4C0E-964F-B477-5A1C85DA7EA7">
<hideElementsInCurrentOnly>false</hideElementsInCurrentOnly>
<backgroundColor>-16777216</backgroundColor>
<lineWidth>1</lineWidth>
<points>
<point x="565" y="119"/>
<point x="772" y="119"/>
<point x="772" y="248"/>
</points>
</Connector>
</connectors>
</Diagram>