<?xml version = '1.0' encoding = 'UTF-8'?>
<FKIndexAssociation class="oracle.dbtools.crest.model.design.relational.FKIndexAssociation" directorySegmentName="seg_0" id="0D9C18B1-E9BE-8632-E6DD-88A20BC89201" containerWithKeyObject="299EA53D-FF0D-D34E-591E-64DDCFA28F7D" localFKIndex="15C70551-2A26-82AB-FE0E-1DBFB4E10034" name="Vendedor_Pais_FK">
<createdBy>juliz</createdBy>
<createdTime>2024-09-23 23:04:35 UTC</createdTime>
<generatorID>62826C38-AA67-30D2-14BE-85F06BA25FEB</generatorID>
<ownerDesignName>Modelos_practica2_g7</ownerDesignName>
<referredTableLongName>Pais</referredTableLongName>
<deleteRule>NO ACTION</deleteRule>
<referredTableID>5F642F4C-92BB-E513-2E7F-7338B1E7F444</referredTableID>
<keyObject>8E9E2C2B-A033-55DD-44CF-46E946A3F229</keyObject>
<referredKeyID>8E9E2C2B-A033-55DD-44CF-46E946A3F229</referredKeyID>
<mandatory>true</mandatory>
<refColNames>id_pais</refColNames>
<transferable>true</transferable>
<rely>false</rely>
<columnDependencyConstraintGenerateInDDL>true</columnDependencyConstraintGenerateInDDL>
</FKIndexAssociation>