<?xml version = '1.0' encoding = 'UTF-8'?>
<FKIndexAssociation class="oracle.dbtools.crest.model.design.relational.FKIndexAssociation" directorySegmentName="seg_0" id="32608D24-6243-2958-054F-329023B0502E" containerWithKeyObject="B9D9DE1A-FAA7-C3BB-1E86-BB979B8691EA" localFKIndex="36E0A6AA-5D5F-C0CE-11B0-3ECCDB9265D7" name="Detalle_Orden_Orden_FK">
<createdBy>juliz</createdBy>
<createdTime>2024-09-23 23:46:28 UTC</createdTime>
<generatorID>63DE311A-E9C9-99FD-D5FC-D56FF87F70D0</generatorID>
<ownerDesignName>Modelos_practica2_g7</ownerDesignName>
<referredTableLongName>Orden</referredTableLongName>
<deleteRule>NO ACTION</deleteRule>
<referredTableID>BBEFDD91-3383-7316-B5C7-B7CB20580F8A</referredTableID>
<keyObject>7F0F4FB0-693C-4F52-A7F9-49ADB035FA04</keyObject>
<referredKeyID>7F0F4FB0-693C-4F52-A7F9-49ADB035FA04</referredKeyID>
<mandatory>true</mandatory>
<refColNames>id_orden</refColNames>
<transferable>true</transferable>
<rely>false</rely>
<columnDependencyConstraintGenerateInDDL>true</columnDependencyConstraintGenerateInDDL>
</FKIndexAssociation>