<?xml version = '1.0' encoding = 'UTF-8'?>
<FKIndexAssociation class="oracle.dbtools.crest.model.design.relational.FKIndexAssociation" directorySegmentName="seg_0" id="332C6252-C4C3-354B-5517-FBDD17FB6131" containerWithKeyObject="B9D9DE1A-FAA7-C3BB-1E86-BB979B8691EA" localFKIndex="7A9076D6-3E1E-7116-8678-15F11FBF6E67" name="Detalle_Orden_Producto_FK">
<createdBy>juliz</createdBy>
<createdTime>2024-09-24 16:05:27 UTC</createdTime>
<generatorID>CF731549-CD16-BC19-4816-1B79C4154B88</generatorID>
<ownerDesignName>Modelos_practica2_g7</ownerDesignName>
<referredTableLongName>Producto</referredTableLongName>
<deleteRule>NO ACTION</deleteRule>
<referredTableID>952CFD71-5AE0-D680-670B-28F50BC6940D</referredTableID>
<keyObject>E96B926A-AF44-48D6-C155-AFB2ED5F4BF7</keyObject>
<referredKeyID>E96B926A-AF44-48D6-C155-AFB2ED5F4BF7</referredKeyID>
<mandatory>true</mandatory>
<refColNames>id_producto</refColNames>
<transferable>true</transferable>
<rely>false</rely>
<columnDependencyConstraintGenerateInDDL>true</columnDependencyConstraintGenerateInDDL>
</FKIndexAssociation>