<?xml version = '1.0' encoding = 'UTF-8'?>
<FKIndexAssociation class="oracle.dbtools.crest.model.design.relational.FKIndexAssociation" directorySegmentName="seg_0" id="6CC231DC-035F-9E4D-0014-E1DE60DC1E41" containerWithKeyObject="952CFD71-5AE0-D680-670B-28F50BC6940D" localFKIndex="9BF245FC-AA32-F82A-BD3B-C9AA4BF39F00" name="Producto_Categoria_FK">
<createdBy>juliz</createdBy>
<createdTime>2024-09-23 23:04:35 UTC</createdTime>
<generatorID>AA087818-2950-44DE-F819-2782B8BDE065</generatorID>
<ownerDesignName>Modelos_practica2_g7</ownerDesignName>
<referredTableLongName>Categoria</referredTableLongName>
<deleteRule>NO ACTION</deleteRule>
<referredTableID>F1E514EF-AB96-4421-399C-9C29D7E3A0E2</referredTableID>
<keyObject>939597DA-301B-A7B4-5AB4-F3C6AF5EEB93</keyObject>
<referredKeyID>939597DA-301B-A7B4-5AB4-F3C6AF5EEB93</referredKeyID>
<mandatory>true</mandatory>
<refColNames>id_categoria</refColNames>
<transferable>true</transferable>
<rely>false</rely>
<columnDependencyConstraintGenerateInDDL>true</columnDependencyConstraintGenerateInDDL>
</FKIndexAssociation>