<?xml version = '1.0' encoding = 'UTF-8'?>
<FKIndexAssociation class="oracle.dbtools.crest.model.design.relational.FKIndexAssociation" directorySegmentName="seg_0" id="7B0B4266-9376-E193-E9BE-53FF0493F5B6" containerWithKeyObject="7B3A441E-690B-DCC8-516C-9D8B679A62D2" localFKIndex="7A2D7FC4-D3DB-0AE1-C536-318CC3AC0AB4" name="Cliente_Pais_FK">
<createdBy>juliz</createdBy>
<createdTime>2024-09-23 23:04:35 UTC</createdTime>
<generatorID>AA4C772E-5B0C-5224-0875-A623CCF1ABD6</generatorID>
<ownerDesignName>Modelos_practica2_g7</ownerDesignName>
<referredTableLongName>Pais</referredTableLongName>
<deleteRule>NO ACTION</deleteRule>
<referredTableID>5F642F4C-92BB-E513-2E7F-7338B1E7F444</referredTableID>
<keyObject>8E9E2C2B-A033-55DD-44CF-46E946A3F229</keyObject>
<referredKeyID>8E9E2C2B-A033-55DD-44CF-46E946A3F229</referredKeyID>
<mandatory>true</mandatory>
<refColNames>id_pais</refColNames>
<transferable>true</transferable>
<rely>false</rely>
<columnDependencyConstraintGenerateInDDL>true</columnDependencyConstraintGenerateInDDL>
</FKIndexAssociation>