<?xml version = '1.0' encoding = 'UTF-8'?>
<FKIndexAssociation class="oracle.dbtools.crest.model.design.relational.FKIndexAssociation" directorySegmentName="seg_0" id="8ED92FBB-D80D-F1AC-2445-37FA7FF61A3A" containerWithKeyObject="BBEFDD91-3383-7316-B5C7-B7CB20580F8A" localFKIndex="24AEA110-6A12-F134-8CCA-6BC73A732AEF" name="Orden_Cliente_FK">
<createdBy>juliz</createdBy>
<createdTime>2024-09-23 23:04:35 UTC</createdTime>
<generatorID>0BB9D776-2CC6-4027-B45B-D50553B2A1C8</generatorID>
<ownerDesignName>Modelos_practica2_g7</ownerDesignName>
<referredTableLongName>Cliente</referredTableLongName>
<deleteRule>NO ACTION</deleteRule>
<referredTableID>7B3A441E-690B-DCC8-516C-9D8B679A62D2</referredTableID>
<keyObject>CE083583-8315-CB65-5B71-69BD410A4ED3</keyObject>
<referredKeyID>CE083583-8315-CB65-5B71-69BD410A4ED3</referredKeyID>
<mandatory>true</mandatory>
<refColNames>id_cliente</refColNames>
<transferable>true</transferable>
<rely>false</rely>
<columnDependencyConstraintGenerateInDDL>true</columnDependencyConstraintGenerateInDDL>
</FKIndexAssociation>