<?xml version = '1.0' encoding = 'UTF-8'?>
<FKIndexAssociation class="oracle.dbtools.crest.model.design.relational.FKIndexAssociation" directorySegmentName="seg_0" id="C9E3CCD1-1BEE-8C91-D8BE-CE0C138838B0" containerWithKeyObject="B9D9DE1A-FAA7-C3BB-1E86-BB979B8691EA" localFKIndex="678390E4-A73A-74A2-F5A8-A1826D6311EA" name="Detalle_Orden_Vendedor_FK">
<createdBy>juliz</createdBy>
<createdTime>2024-09-23 23:46:28 UTC</createdTime>
<generatorID>F52D4BB5-F1AF-D0FF-F62D-C9968EBAC2CD</generatorID>
<ownerDesignName>Modelos_practica2_g7</ownerDesignName>
<referredTableLongName>Vendedor</referredTableLongName>
<deleteRule>NO ACTION</deleteRule>
<referredTableID>299EA53D-FF0D-D34E-591E-64DDCFA28F7D</referredTableID>
<keyObject>55157EAE-5477-E16B-0D6B-711741BAE590</keyObject>
<referredKeyID>55157EAE-5477-E16B-0D6B-711741BAE590</referredKeyID>
<mandatory>true</mandatory>
<refColNames>id_vendedor</refColNames>
<transferable>true</transferable>
<rely>false</rely>
<columnDependencyConstraintGenerateInDDL>true</columnDependencyConstraintGenerateInDDL>
</FKIndexAssociation>