<?xml version = '1.0' encoding = 'UTF-8'?>
<FKIndexAssociation class="oracle.dbtools.crest.model.design.relational.FKIndexAssociation" directorySegmentName="seg_0" id="E9AD7854-560A-C005-1AF2-DB392EC2B5C4" containerWithKeyObject="7B3A441E-690B-DCC8-516C-9D8B679A62D2" localFKIndex="0F88DB7D-A4AA-6F64-2FAB-C1DA2F0977F5" name="Cliente_Genero_FK">
<createdBy>juliz</createdBy>
<createdTime>2024-09-23 23:04:35 UTC</createdTime>
<generatorID>DA3AE108-2190-ECF6-5908-D3B07A9ABC1E</generatorID>
<ownerDesignName>Modelos_practica2_g7</ownerDesignName>
<referredTableLongName>Genero</referredTableLongName>
<deleteRule>NO ACTION</deleteRule>
<referredTableID>D7508B3F-691E-BFDB-6708-A34EAF3FB085</referredTableID>
<keyObject>DAA612F5-917E-4A03-8C2D-CE4AA846AFB4</keyObject>
<referredKeyID>DAA612F5-917E-4A03-8C2D-CE4AA846AFB4</referredKeyID>
<mandatory>true</mandatory>
<refColNames>id_genero</refColNames>
<transferable>true</transferable>
<rely>false</rely>
<columnDependencyConstraintGenerateInDDL>true</columnDependencyConstraintGenerateInDDL>
</FKIndexAssociation>