<?xml version = '1.0' encoding = 'UTF-8'?>
<Entity class="oracle.dbtools.crest.model.design.logical.Entity" directorySegmentName="seg_0" id="16FAC371-7CC0-FEC2-B26E-61C084061DA7" name="Producto">
<createdBy>juliz</createdBy>
<createdTime>2024-09-23 22:45:58 UTC</createdTime>
<ownerDesignName>Modelos_practica2_g7</ownerDesignName>
<engineerTo>
<item key="32BBD37B-A855-D9D1-E17D-CF6B156A0AD4" value="true"/>
</engineerTo>
<adequatelyNormalized>NO</adequatelyNormalized>
<expectedVolumes>0</expectedVolumes>
<fwdEngineeringStrategyName>Single Table</fwdEngineeringStrategyName>
<growthPercent>0</growthPercent>
<growthType>Year</growthType>
<maxVolumes>9999999</maxVolumes>
<minVolumes>0</minVolumes>
<normalForm>Third</normalForm>
<attributes itemClass="oracle.dbtools.crest.model.design.logical.Attribute">
<Attribute name="id_producto" id="AC5426C9-D281-0CE4-FF6B-AA9AAF363E36">
<createdBy>juliz</createdBy>
<createdTime>2024-09-23 22:46:10 UTC</createdTime>
<ownerDesignName>Modelos_practica2_g7</ownerDesignName>
<engineerTo>
<item key="32BBD37B-A855-D9D1-E17D-CF6B156A0AD4" value="true"/>
</engineerTo>
<useDomainConstraints>false</useDomainConstraints>
<use>1</use>
<logicalDatatype>LOGDT011</logicalDatatype>
<ownDataTypeParameters>,,</ownDataTypeParameters>
</Attribute>
<Attribute name="nombre" id="30AC048B-92A1-28A2-16DD-C9D0B642F0F2">
<createdBy>juliz</createdBy>
<createdTime>2024-09-23 22:46:20 UTC</createdTime>
<ownerDesignName>Modelos_practica2_g7</ownerDesignName>
<engineerTo>
<item key="32BBD37B-A855-D9D1-E17D-CF6B156A0AD4" value="true"/>
</engineerTo>
<useDomainConstraints>false</useDomainConstraints>
<use>1</use>
<logicalDatatype>LOGDT024</logicalDatatype>
<dataTypeSize>150</dataTypeSize>
<ownDataTypeParameters>150,,</ownDataTypeParameters>
</Attribute>
<Attribute name="precio" id="1DF6F534-E495-1F28-4EAF-A2215CB3339B">
<createdBy>juliz</createdBy>
<createdTime>2024-09-23 22:46:43 UTC</createdTime>
<ownerDesignName>Modelos_practica2_g7</ownerDesignName>
<engineerTo>
<item key="32BBD37B-A855-D9D1-E17D-CF6B156A0AD4" value="true"/>
</engineerTo>
<useDomainConstraints>false</useDomainConstraints>
<use>1</use>
<logicalDatatype>LOGDT019</logicalDatatype>
<dataTypePrecision>10</dataTypePrecision>
<dataTypeScale>2</dataTypeScale>
<ownDataTypeParameters>,10,2</ownDataTypeParameters>
</Attribute>
<Attribute name="id_categoria" id="5CCD6410-3266-CC86-37F6-9473F1E052B6">
<createdBy>juliz</createdBy>
<createdTime>2024-09-23 23:03:53 UTC</createdTime>
<generatorID>AA087818-2950-44DE-F819-2782B8BDE065</generatorID>
<ownerDesignName>Modelos_practica2_g7</ownerDesignName>
<engineerTo>
<item key="32BBD37B-A855-D9D1-E17D-CF6B156A0AD4" value="true"/>
</engineerTo>
<referedAttribute>DEF6C7C4-DE04-4414-B49A-2EAE11C8443A</referedAttribute>
<useDomainConstraints>false</useDomainConstraints>
<use>1</use>
<logicalDatatype>LOGDT011</logicalDatatype>
<ownDataTypeParameters>,,</ownDataTypeParameters>
</Attribute>
</attributes>
<identifiers itemClass="oracle.dbtools.crest.model.design.logical.CandidateKey">
<identifier id="B9D375CF-8044-5460-9F5D-C4C45501A88F" name="Producto PK">
<createdBy>juliz</createdBy>
<createdTime>2024-09-23 23:03:29 UTC</createdTime>
<ownerDesignName>Modelos_practica2_g7</ownerDesignName>
<shouldEngineer>false</shouldEngineer>
<engineerTo>
<item key="32BBD37B-A855-D9D1-E17D-CF6B156A0AD4" value="false"/>
</engineerTo>
<pk>true</pk>
<usedAttributes>
<attributeRef>AC5426C9-D281-0CE4-FF6B-AA9AAF363E36</attributeRef>
</usedAttributes>
</identifier>
</identifiers>
</Entity>