<?xml version = '1.0' encoding = 'UTF-8'?>
<Entity class="oracle.dbtools.crest.model.design.logical.Entity" directorySegmentName="seg_0" id="5B151546-0B57-EFD2-879A-53199357D5B0" name="Detalle_Orden">
<createdBy>juliz</createdBy>
<createdTime>2024-09-23 23:37:27 UTC</createdTime>
<ownerDesignName>Modelos_practica2_g7</ownerDesignName>
<engineerTo>
<item key="32BBD37B-A855-D9D1-E17D-CF6B156A0AD4" value="true"/>
</engineerTo>
<adequatelyNormalized>NO</adequatelyNormalized>
<expectedVolumes>0</expectedVolumes>
<fwdEngineeringStrategyName>Single Table</fwdEngineeringStrategyName>
<growthPercent>0</growthPercent>
<growthType>Year</growthType>
<maxVolumes>9999999</maxVolumes>
<minVolumes>0</minVolumes>
<normalForm>Third</normalForm>
<attributes itemClass="oracle.dbtools.crest.model.design.logical.Attribute">
<Attribute name="id_detalle" id="CA2A4F4E-AFA5-7C4C-EFA4-CD4A203ECF14">
<createdBy>juliz</createdBy>
<createdTime>2024-09-23 23:37:51 UTC</createdTime>
<ownerDesignName>Modelos_practica2_g7</ownerDesignName>
<engineerTo>
<item key="32BBD37B-A855-D9D1-E17D-CF6B156A0AD4" value="true"/>
</engineerTo>
<useDomainConstraints>false</useDomainConstraints>
<use>1</use>
<logicalDatatype>LOGDT011</logicalDatatype>
<ownDataTypeParameters>,,</ownDataTypeParameters>
</Attribute>
<Attribute name="linea_orden" id="E53A83E8-8C00-7284-658D-E2E5E3AC8963">
<createdBy>juliz</createdBy>
<createdTime>2024-09-23 23:39:18 UTC</createdTime>
<ownerDesignName>Modelos_practica2_g7</ownerDesignName>
<engineerTo>
<item key="32BBD37B-A855-D9D1-E17D-CF6B156A0AD4" value="true"/>
</engineerTo>
<useDomainConstraints>false</useDomainConstraints>
<use>1</use>
<logicalDatatype>LOGDT011</logicalDatatype>
<ownDataTypeParameters>,,</ownDataTypeParameters>
</Attribute>
<Attribute name="cantidad" id="30950BD3-1AB2-B57B-BCAA-BD46907DF5F6">
<createdBy>juliz</createdBy>
<createdTime>2024-09-24 15:47:10 UTC</createdTime>
<ownerDesignName>Modelos_practica2_g7</ownerDesignName>
<engineerTo>
<item key="32BBD37B-A855-D9D1-E17D-CF6B156A0AD4" value="true"/>
</engineerTo>
<useDomainConstraints>false</useDomainConstraints>
<use>1</use>
<logicalDatatype>LOGDT011</logicalDatatype>
<ownDataTypeParameters>,,</ownDataTypeParameters>
</Attribute>
<Attribute name="id_orden" id="71159CA6-BD28-95A2-F35B-7C8D03EA774E">
<createdBy>juliz</createdBy>
<createdTime>2024-09-23 23:40:50 UTC</createdTime>
<generatorID>63DE311A-E9C9-99FD-D5FC-D56FF87F70D0</generatorID>
<ownerDesignName>Modelos_practica2_g7</ownerDesignName>
<engineerTo>
<item key="32BBD37B-A855-D9D1-E17D-CF6B156A0AD4" value="true"/>
</engineerTo>
<referedAttribute>FEED96F0-427B-274D-F1E4-5B57810F74D8</referedAttribute>
<useDomainConstraints>false</useDomainConstraints>
<use>1</use>
<logicalDatatype>LOGDT011</logicalDatatype>
<ownDataTypeParameters>,,</ownDataTypeParameters>
</Attribute>
<Attribute name="id_vendedor" id="63F5C995-F272-1D5F-C080-87EF1013D1A5">
<createdBy>juliz</createdBy>
<createdTime>2024-09-23 23:41:08 UTC</createdTime>
<generatorID>F52D4BB5-F1AF-D0FF-F62D-C9968EBAC2CD</generatorID>
<ownerDesignName>Modelos_practica2_g7</ownerDesignName>
<engineerTo>
<item key="32BBD37B-A855-D9D1-E17D-CF6B156A0AD4" value="true"/>
</engineerTo>
<referedAttribute>E8683C4E-ACC9-1DF5-BC6F-AAE57F5E5593</referedAttribute>
<useDomainConstraints>false</useDomainConstraints>
<use>1</use>
<logicalDatatype>LOGDT011</logicalDatatype>
<ownDataTypeParameters>,,</ownDataTypeParameters>
</Attribute>
<Attribute name="id_producto" id="9A2A8BB6-605A-A9C5-7F33-C692441C821C">
<createdBy>juliz</createdBy>
<createdTime>2024-09-24 15:48:47 UTC</createdTime>
<generatorID>CF731549-CD16-BC19-4816-1B79C4154B88</generatorID>
<ownerDesignName>Modelos_practica2_g7</ownerDesignName>
<engineerTo>
<item key="32BBD37B-A855-D9D1-E17D-CF6B156A0AD4" value="true"/>
</engineerTo>
<referedAttribute>AC5426C9-D281-0CE4-FF6B-AA9AAF363E36</referedAttribute>
<useDomainConstraints>false</useDomainConstraints>
<use>1</use>
<logicalDatatype>LOGDT011</logicalDatatype>
<ownDataTypeParameters>,,</ownDataTypeParameters>
</Attribute>
</attributes>
<identifiers itemClass="oracle.dbtools.crest.model.design.logical.CandidateKey">
<identifier id="C7820621-6B15-3FCA-B3D8-43DC60E9494D" name="Linea_Orden PK">
<createdBy>juliz</createdBy>
<createdTime>2024-09-23 23:38:39 UTC</createdTime>
<ownerDesignName>Modelos_practica2_g7</ownerDesignName>
<engineerTo>
<item key="32BBD37B-A855-D9D1-E17D-CF6B156A0AD4" value="true"/>
</engineerTo>
<pk>true</pk>
<usedAttributes>
<attributeRef>CA2A4F4E-AFA5-7C4C-EFA4-CD4A203ECF14</attributeRef>
</usedAttributes>
</identifier>
</identifiers>
</Entity>