<?xml version = '1.0' encoding = 'UTF-8'?>
<Entity class="oracle.dbtools.crest.model.design.logical.Entity" directorySegmentName="seg_0" id="AC6AD40B-3EAF-1044-D7EE-9AD297421906" name="Orden">
<createdBy>juliz</createdBy>
<createdTime>2024-09-23 22:56:35 UTC</createdTime>
<ownerDesignName>Modelos_practica2_g7</ownerDesignName>
<engineerTo>
<item key="32BBD37B-A855-D9D1-E17D-CF6B156A0AD4" value="true"/>
</engineerTo>
<adequatelyNormalized>NO</adequatelyNormalized>
<expectedVolumes>0</expectedVolumes>
<fwdEngineeringStrategyName>Single Table</fwdEngineeringStrategyName>
<growthPercent>0</growthPercent>
<growthType>Year</growthType>
<maxVolumes>9999999</maxVolumes>
<minVolumes>0</minVolumes>
<normalForm>Third</normalForm>
<attributes itemClass="oracle.dbtools.crest.model.design.logical.Attribute">
<Attribute name="id_orden" id="FEED96F0-427B-274D-F1E4-5B57810F74D8">
<createdBy>juliz</createdBy>
<createdTime>2024-09-23 22:56:42 UTC</createdTime>
<ownerDesignName>Modelos_practica2_g7</ownerDesignName>
<engineerTo>
<item key="32BBD37B-A855-D9D1-E17D-CF6B156A0AD4" value="true"/>
</engineerTo>
<useDomainConstraints>false</useDomainConstraints>
<use>1</use>
<logicalDatatype>LOGDT011</logicalDatatype>
<ownDataTypeParameters>,,</ownDataTypeParameters>
</Attribute>
<Attribute name="id_cliente" id="B17E3758-1D48-BE79-7ECF-E4333A0FD225">
<createdBy>juliz</createdBy>
<createdTime>2024-09-23 23:01:19 UTC</createdTime>
<generatorID>0BB9D776-2CC6-4027-B45B-D50553B2A1C8</generatorID>
<ownerDesignName>Modelos_practica2_g7</ownerDesignName>
<engineerTo>
<item key="32BBD37B-A855-D9D1-E17D-CF6B156A0AD4" value="true"/>
</engineerTo>
<referedAttribute>8B0113DA-DB34-FEA8-3B4D-CA053414CA7F</referedAttribute>
<useDomainConstraints>false</useDomainConstraints>
<use>1</use>
<logicalDatatype>LOGDT011</logicalDatatype>
<ownDataTypeParameters>,,</ownDataTypeParameters>
</Attribute>
<Attribute name="fecha_orden" id="A3F69D04-E25B-237F-D153-7FCFF87482C4">
<createdBy>juliz</createdBy>
<createdTime>2024-09-24 15:36:06 UTC</createdTime>
<ownerDesignName>Modelos_practica2_g7</ownerDesignName>
<engineerTo>
<item key="32BBD37B-A855-D9D1-E17D-CF6B156A0AD4" value="true"/>
</engineerTo>
<useDomainConstraints>false</useDomainConstraints>
<use>1</use>
<logicalDatatype>LOGDT007</logicalDatatype>
<ownDataTypeParameters>,,</ownDataTypeParameters>
</Attribute>
</attributes>
<identifiers itemClass="oracle.dbtools.crest.model.design.logical.CandidateKey">
<identifier id="1AA60CE8-4399-7615-598D-4955699149D9" name="Orden PK">
<createdBy>juliz</createdBy>
<createdTime>2024-09-23 22:56:49 UTC</createdTime>
<ownerDesignName>Modelos_practica2_g7</ownerDesignName>
<shouldEngineer>false</shouldEngineer>
<engineerTo>
<item key="32BBD37B-A855-D9D1-E17D-CF6B156A0AD4" value="false"/>
</engineerTo>
<pk>true</pk>
<usedAttributes>
<attributeRef>FEED96F0-427B-274D-F1E4-5B57810F74D8</attributeRef>
</usedAttributes>
</identifier>
</identifiers>
</Entity>