<?xml version = '1.0' encoding = 'UTF-8'?>
<Entity class="oracle.dbtools.crest.model.design.logical.Entity" directorySegmentName="seg_0" id="D6A2CFF5-B2BE-547E-5608-F499B0429573" name="Vendedor">
<createdBy>juliz</createdBy>
<createdTime>2024-09-23 22:43:33 UTC</createdTime>
<ownerDesignName>Modelos_practica2_g7</ownerDesignName>
<engineerTo>
<item key="32BBD37B-A855-D9D1-E17D-CF6B156A0AD4" value="true"/>
</engineerTo>
<adequatelyNormalized>NO</adequatelyNormalized>
<expectedVolumes>0</expectedVolumes>
<fwdEngineeringStrategyName>Single Table</fwdEngineeringStrategyName>
<growthPercent>0</growthPercent>
<growthType>Year</growthType>
<maxVolumes>9999999</maxVolumes>
<minVolumes>0</minVolumes>
<normalForm>Third</normalForm>
<attributes itemClass="oracle.dbtools.crest.model.design.logical.Attribute">
<Attribute name="id_vendedor" id="E8683C4E-ACC9-1DF5-BC6F-AAE57F5E5593">
<createdBy>juliz</createdBy>
<createdTime>2024-09-23 22:43:50 UTC</createdTime>
<ownerDesignName>Modelos_practica2_g7</ownerDesignName>
<engineerTo>
<item key="32BBD37B-A855-D9D1-E17D-CF6B156A0AD4" value="true"/>
</engineerTo>
<useDomainConstraints>false</useDomainConstraints>
<use>1</use>
<logicalDatatype>LOGDT011</logicalDatatype>
<ownDataTypeParameters>,,</ownDataTypeParameters>
</Attribute>
<Attribute name="nombre" id="7F43DD95-E897-F937-7052-E3C877C992B4">
<createdBy>juliz</createdBy>
<createdTime>2024-09-23 22:44:04 UTC</createdTime>
<ownerDesignName>Modelos_practica2_g7</ownerDesignName>
<engineerTo>
<item key="32BBD37B-A855-D9D1-E17D-CF6B156A0AD4" value="true"/>
</engineerTo>
<useDomainConstraints>false</useDomainConstraints>
<use>1</use>
<logicalDatatype>LOGDT024</logicalDatatype>
<dataTypeSize>50</dataTypeSize>
<ownDataTypeParameters>50,,</ownDataTypeParameters>
</Attribute>
<Attribute name="apellido" id="AEB712E5-8D99-1851-1681-B5E2F5EA8C27">
<createdBy>juliz</createdBy>
<createdTime>2024-09-23 22:44:32 UTC</createdTime>
<ownerDesignName>Modelos_practica2_g7</ownerDesignName>
<engineerTo>
<item key="32BBD37B-A855-D9D1-E17D-CF6B156A0AD4" value="true"/>
</engineerTo>
<useDomainConstraints>false</useDomainConstraints>
<use>1</use>
<logicalDatatype>LOGDT024</logicalDatatype>
<dataTypeSize>100</dataTypeSize>
<ownDataTypeParameters>100,,</ownDataTypeParameters>
</Attribute>
<Attribute name="id_pais" id="1FB28AAA-2922-C615-5C8B-E552E9B878A1">
<createdBy>juliz</createdBy>
<createdTime>2024-09-23 23:02:27 UTC</createdTime>
<generatorID>62826C38-AA67-30D2-14BE-85F06BA25FEB</generatorID>
<ownerDesignName>Modelos_practica2_g7</ownerDesignName>
<engineerTo>
<item key="32BBD37B-A855-D9D1-E17D-CF6B156A0AD4" value="true"/>
</engineerTo>
<referedAttribute>946B8344-9C54-69E8-3748-0F693F1BFB29</referedAttribute>
<useDomainConstraints>false</useDomainConstraints>
<use>1</use>
<logicalDatatype>LOGDT011</logicalDatatype>
<ownDataTypeParameters>,,</ownDataTypeParameters>
</Attribute>
</attributes>
<identifiers itemClass="oracle.dbtools.crest.model.design.logical.CandidateKey">
<identifier id="4FB8A4EA-BB2B-FD7F-C429-DD31F1C63540" name="Vendedor PK">
<createdBy>juliz</createdBy>
<createdTime>2024-09-23 22:44:42 UTC</createdTime>
<ownerDesignName>Modelos_practica2_g7</ownerDesignName>
<shouldEngineer>false</shouldEngineer>
<engineerTo>
<item key="32BBD37B-A855-D9D1-E17D-CF6B156A0AD4" value="false"/>
</engineerTo>
<pk>true</pk>
<usedAttributes>
<attributeRef>E8683C4E-ACC9-1DF5-BC6F-AAE57F5E5593</attributeRef>
</usedAttributes>
</identifier>
</identifiers>
</Entity>