<?xml version = '1.0' encoding = 'UTF-8'?>
<Entity class="oracle.dbtools.crest.model.design.logical.Entity" directorySegmentName="seg_0" id="F77FA6DD-9F64-A651-B88D-C186388BF121" name="Categoria">
<createdBy>juliz</createdBy>
<createdTime>2024-09-23 22:55:35 UTC</createdTime>
<ownerDesignName>Modelos_practica2_g7</ownerDesignName>
<engineerTo>
<item key="32BBD37B-A855-D9D1-E17D-CF6B156A0AD4" value="true"/>
</engineerTo>
<adequatelyNormalized>NO</adequatelyNormalized>
<expectedVolumes>0</expectedVolumes>
<fwdEngineeringStrategyName>Single Table</fwdEngineeringStrategyName>
<growthPercent>0</growthPercent>
<growthType>Year</growthType>
<maxVolumes>9999999</maxVolumes>
<minVolumes>0</minVolumes>
<normalForm>Third</normalForm>
<attributes itemClass="oracle.dbtools.crest.model.design.logical.Attribute">
<Attribute name="id_categoria" id="DEF6C7C4-DE04-4414-B49A-2EAE11C8443A">
<createdBy>juliz</createdBy>
<createdTime>2024-09-23 22:55:43 UTC</createdTime>
<ownerDesignName>Modelos_practica2_g7</ownerDesignName>
<engineerTo>
<item key="32BBD37B-A855-D9D1-E17D-CF6B156A0AD4" value="true"/>
</engineerTo>
<useDomainConstraints>false</useDomainConstraints>
<use>1</use>
<logicalDatatype>LOGDT011</logicalDatatype>
<ownDataTypeParameters>,,</ownDataTypeParameters>
</Attribute>
<Attribute name="nombre" id="51932B00-B4DF-0D41-9888-AB6EF3333169">
<createdBy>juliz</createdBy>
<createdTime>2024-09-23 22:55:52 UTC</createdTime>
<ownerDesignName>Modelos_practica2_g7</ownerDesignName>
<engineerTo>
<item key="32BBD37B-A855-D9D1-E17D-CF6B156A0AD4" value="true"/>
</engineerTo>
<useDomainConstraints>false</useDomainConstraints>
<use>1</use>
<logicalDatatype>LOGDT024</logicalDatatype>
<dataTypeSize>100</dataTypeSize>
<ownDataTypeParameters>100,,</ownDataTypeParameters>
</Attribute>
</attributes>
<identifiers itemClass="oracle.dbtools.crest.model.design.logical.CandidateKey">
<identifier id="8C6693B0-7D14-9D4D-FC6A-1365C1183862" name="Categoria PK">
<createdBy>juliz</createdBy>
<createdTime>2024-09-23 22:56:21 UTC</createdTime>
<ownerDesignName>Modelos_practica2_g7</ownerDesignName>
<engineerTo>
<item key="32BBD37B-A855-D9D1-E17D-CF6B156A0AD4" value="true"/>
</engineerTo>
<pk>true</pk>
<usedAttributes>
<attributeRef>DEF6C7C4-DE04-4414-B49A-2EAE11C8443A</attributeRef>
</usedAttributes>
</identifier>
</identifiers>
</Entity>