-- AEROPUERTOS

INSERT INTO aeropuerto (id_iata, nombre, pais, ciudad, pistasextendidas, serviciosaduaneros)
VALUES ('LAX', 'Los Angeles International', 'USA', 'Los Angeles', 4, 1);

INSERT INTO aeropuerto (id_iata, nombre, pais, ciudad, pistasextendidas, serviciosaduaneros)
VALUES ('JFK', 'John F. Kennedy International', 'USA', 'New York', 4, 1);

INSERT INTO aeropuerto (id_iata, nombre, pais, ciudad, pistasextendidas, serviciosaduaneros)
VALUES ('CDG', 'Charles de Gaulle', 'France', 'Paris', 4, 1);

-- Aeropuerto en Toronto, Canadá
INSERT INTO aeropuerto (id_iata, nombre, pais, ciudad, pistasextendidas, serviciosaduaneros)
VALUES ('YYZ', 'Toronto Pearson International', 'Canada', 'Toronto', 3, 1);

-- Aeropuerto en Ciudad de México, México
INSERT INTO aeropuerto (id_iata, nombre, pais, ciudad, pistasextendidas, serviciosaduaneros)
VALUES ('MEX', 'Internacional Benito Juárez', 'Mexico', 'Ciudad de México', 2, 1);

-- Aeropuerto en Ciudad de Guatemala, Guatemala
INSERT INTO aeropuerto (id_iata, nombre, pais, ciudad, pistasextendidas, serviciosaduaneros)
VALUES ('GUA', 'Internacional La Aurora', 'Guatemala', 'Ciudad de Guatemala', 1, 0);

-- Aeropuerto en Rio de Janeiro, Brasil
INSERT INTO aeropuerto (id_iata, nombre, pais, ciudad, pistasextendidas, serviciosaduaneros)
VALUES ('GIG', 'Internacional Galeão', 'Brasil', 'Rio de Janeiro', 4, 1);

-- Aeropuerto en Buenos Aires, Argentina
INSERT INTO aeropuerto (id_iata, nombre, pais, ciudad, pistasextendidas, serviciosaduaneros)
VALUES ('EZE', 'Internacional Ministro Pistarini', 'Argentina', 'Buenos Aires', 3, 1);

-- Aeropuerto en Londres, Inglaterra
INSERT INTO aeropuerto (id_iata, nombre, pais, ciudad, pistasextendidas, serviciosaduaneros)
VALUES ('LHR', 'Londres-Heathrow', 'England', 'London', 5, 1);

-- Aeropuerto en Roma, Italia
INSERT INTO aeropuerto (id_iata, nombre, pais, ciudad, pistasextendidas, serviciosaduaneros)
VALUES ('FCO', 'Leonardo da Vinci', 'Italy', 'Roma', 4, 1);

-- Aeropuerto en Madrid, España
INSERT INTO aeropuerto (id_iata, nombre, pais, ciudad, pistasextendidas, serviciosaduaneros)
VALUES ('MAD', 'Adolfo Suárez Madrid-Barajas', 'Spain', 'Madrid', 3, 1);

-- Aeropuerto en Moscú, Rusia
INSERT INTO aeropuerto (id_iata, nombre, pais, ciudad, pistasextendidas, serviciosaduaneros)
VALUES ('SVO', 'Sheremétievo', 'Russia', 'Moscow', 5, 1);

-- Aeropuerto en Beijing, China
INSERT INTO aeropuerto (id_iata, nombre, pais, ciudad, pistasextendidas, serviciosaduaneros)
VALUES ('PEK', 'Pekín-Capital', 'China', 'Beijing', 4, 1);

-- Aeropuerto en Sídney, Australia
INSERT INTO aeropuerto (id_iata, nombre, pais, ciudad, pistasextendidas, serviciosaduaneros)
VALUES ('SYD', 'Kingsford Smith', 'Australia', 'Sydney', 3, 1);

-- Aeropuerto en Tokio, Japón
INSERT INTO aeropuerto (id_iata, nombre, pais, ciudad, pistasextendidas, serviciosaduaneros)
VALUES ('NRT', 'Narita', 'Japan', 'Tokyo', 5, 1);

-- Aeropuerto en Cape Town, Sudáfrica
INSERT INTO aeropuerto (id_iata, nombre, pais, ciudad, pistasextendidas, serviciosaduaneros)
VALUES ('CPT', 'Ciudad del Cabo International', 'South Africa', 'Cape Town', 3, 0);

-- Aeropuerto en Delhi, India
INSERT INTO aeropuerto (id_iata, nombre, pais, ciudad, pistasextendidas, serviciosaduaneros)
VALUES ('DEL', 'Indira Gandhi International', 'India', 'Delhi', 5, 1);


-- Aeropuerto en Atlanta, Estados Unidos
INSERT INTO aeropuerto (id_iata, nombre, pais, ciudad, pistasextendidas, serviciosaduaneros)
VALUES ('ATL', 'Hartsfield-Jackson Atlanta International', 'USA', 'Atlanta', 5, 1);

-- Aeropuerto en Chicago, Estados Unidos
INSERT INTO aeropuerto (id_iata, nombre, pais, ciudad, pistasextendidas, serviciosaduaneros)
VALUES ('ORD', 'OHare International', 'USA', 'Chicago', 4, 1);

-- Aeropuerto en Dallas, Estados Unidos
INSERT INTO aeropuerto (id_iata, nombre, pais, ciudad, pistasextendidas, serviciosaduaneros)
VALUES ('DFW', 'Dallas-Fort Worth International', 'USA', 'Dallas', 4, 1);

-- Aeropuerto en Frankfurt, Alemania
INSERT INTO aeropuerto (id_iata, nombre, pais, ciudad, pistasextendidas, serviciosaduaneros)
VALUES ('FRA', 'Frankfurt am Main', 'Germany', 'Frankfurt', 4, 1);

-- Aeropuerto en Yakarta, Indonesia
INSERT INTO aeropuerto (id_iata, nombre, pais, ciudad, pistasextendidas, serviciosaduaneros)
VALUES ('CGK', 'Soekarno-Hatta International', 'Indonesia', 'Yakarta', 3, 1);

-- Aeropuerto en Dubái, Emiratos Árabes Unidos
INSERT INTO aeropuerto (id_iata, nombre, pais, ciudad, pistasextendidas, serviciosaduaneros)
VALUES ('DXB', 'Dubai International', 'UAE', 'Dubai', 4, 1);

-- Aeropuerto en Hong Kong
INSERT INTO aeropuerto (id_iata, nombre, pais, ciudad, pistasextendidas, serviciosaduaneros)
VALUES ('HKG', 'Hong Kong International', 'Hong Kong', 'Hong Kong', 3, 1);

-- Aeropuerto en Denver, Estados Unidos
INSERT INTO aeropuerto (id_iata, nombre, pais, ciudad, pistasextendidas, serviciosaduaneros)
VALUES ('DEN', 'Denver International', 'USA', 'Denver', 6, 1);

-- Aeropuerto en Bangkok, Tailandia
INSERT INTO aeropuerto (id_iata, nombre, pais, ciudad, pistasextendidas, serviciosaduaneros)
VALUES ('BKK', 'Suvarnabhumi Airport', 'Thailand', 'Bangkok', 2, 1);

-- Aeropuerto en Ámsterdam, Países Bajos
INSERT INTO aeropuerto (id_iata, nombre, pais, ciudad, pistasextendidas, serviciosaduaneros)
VALUES ('AMS', 'Schiphol', 'Netherlands', 'Amsterdam', 6, 1);

-- Aeropuerto en Singapur
INSERT INTO aeropuerto (id_iata, nombre, pais, ciudad, pistasextendidas, serviciosaduaneros)
VALUES ('SIN', 'Singapore Changi', 'Singapore', 'Singapore', 3, 1);

-- Aeropuerto en Guangzhou, China
INSERT INTO aeropuerto (id_iata, nombre, pais, ciudad, pistasextendidas, serviciosaduaneros)
VALUES ('CAN', 'Guangzhou Baiyun International', 'China', 'Guangzhou', 3, 1);

-- Aeropuerto en Shanghái, China
INSERT INTO aeropuerto (id_iata, nombre, pais, ciudad, pistasextendidas, serviciosaduaneros)
VALUES ('PVG', 'Shanghai Pudong International', 'China', 'Shanghai', 4, 1);

-- Aeropuerto en San Francisco, Estados Unidos
INSERT INTO aeropuerto (id_iata, nombre, pais, ciudad, pistasextendidas, serviciosaduaneros)
VALUES ('SFO', 'San Francisco International', 'USA', 'San Francisco', 4, 1);

-- Aeropuerto en Estambul, Turquía
INSERT INTO aeropuerto (id_iata, nombre, pais, ciudad, pistasextendidas, serviciosaduaneros)
VALUES ('IST', 'Istanbul Airport', 'Turkey', 'Istanbul', 5, 1);

-- Aeropuerto en Las Vegas, Estados Unidos
INSERT INTO aeropuerto (id_iata, nombre, pais, ciudad, pistasextendidas, serviciosaduaneros)
VALUES ('LAS', 'Harry Reid International', 'USA', 'Las Vegas', 4, 1);

-- Aeropuerto en Charlotte, Estados Unidos
INSERT INTO aeropuerto (id_iata, nombre, pais, ciudad, pistasextendidas, serviciosaduaneros)
VALUES ('CLT', 'Charlotte Douglas International', 'USA', 'Charlotte', 4, 1);

-- Aeropuerto en Phoenix, Estados Unidos
INSERT INTO aeropuerto (id_iata, nombre, pais, ciudad, pistasextendidas, serviciosaduaneros)
VALUES ('PHX', 'Phoenix Sky Harbor International', 'USA', 'Phoenix', 3, 1);

-- Aeropuerto en Houston, Estados Unidos
INSERT INTO aeropuerto (id_iata, nombre, pais, ciudad, pistasextendidas, serviciosaduaneros)
VALUES ('IAH', 'George Bush Intercontinental', 'USA', 'Houston', 5, 1);

-- Aeropuerto en Miami, Estados Unidos
INSERT INTO aeropuerto (id_iata, nombre, pais, ciudad, pistasextendidas, serviciosaduaneros)
VALUES ('MIA', 'Miami International', 'USA', 'Miami', 4, 1);

-- Aeropuerto en Kuala Lumpur, Malasia
INSERT INTO aeropuerto (id_iata, nombre, pais, ciudad, pistasextendidas, serviciosaduaneros)
VALUES ('KUL', 'Kuala Lumpur International', 'Malaysia', 'Kuala Lumpur', 4, 1);

-- Aeropuerto en Múnich, Alemania
INSERT INTO aeropuerto (id_iata, nombre, pais, ciudad, pistasextendidas, serviciosaduaneros)
VALUES ('MUC', 'Munich Airport', 'Germany', 'Munich', 2, 1);

-- Aeropuerto en Seúl Incheon, Corea del Sur
INSERT INTO aeropuerto (id_iata, nombre, pais, ciudad, pistasextendidas, serviciosaduaneros)
VALUES ('ICN', 'Incheon International', 'South Korea', 'Seoul', 4, 1);

-- AEROLINEAS

-- Aerolíneas de Estados Unidos
INSERT INTO aerolineas (id_oaci, nombre, pais, ciudad)
VALUES ('DL', 'Delta Airlines', 'USA', 'Atlanta');

INSERT INTO aerolineas (id_oaci, nombre, pais, ciudad)
VALUES ('UA', 'United Airlines', 'USA', 'Chicago');

-- Aerolínea de Canadá
INSERT INTO aerolineas (id_oaci, nombre, pais, ciudad)
VALUES ('AC', 'Air Canada', 'Canada', 'Toronto');

-- Aerolínea de México
INSERT INTO aerolineas (id_oaci, nombre, pais, ciudad)
VALUES ('AM', 'Aeroméxico', 'México', 'Ciudad de México');

-- Aerolínea de Brasil
INSERT INTO aerolineas (id_oaci, nombre, pais, ciudad)
VALUES ('G3', 'GOL Linhas Aéreas', 'Brasil', 'Rio de Janeiro');

-- Aerolínea de Argentina
INSERT INTO aerolineas (id_oaci, nombre, pais, ciudad)
VALUES ('AR', 'Aerolineas Argentinas', 'Argentina', 'Buenos Aires');

-- Aerolínea de Italia
INSERT INTO aerolineas (id_oaci, nombre, pais, ciudad)
VALUES ('AZ', 'Alitalia', 'Italy', 'Rome');

-- Aerolínea de España
INSERT INTO aerolineas (id_oaci, nombre, pais, ciudad)
VALUES ('IB', 'Iberia', 'Spain', 'Madrid');

-- Aerolínea de Rusia
INSERT INTO aerolineas (id_oaci, nombre, pais, ciudad)
VALUES ('SU', 'Aeroflot', 'Russia', 'Moscow');

-- Aerolínea de China
INSERT INTO aerolineas (id_oaci, nombre, pais, ciudad)
VALUES ('CA', 'Air China', 'China', 'Beijing');

-- Aerolínea de Australia
INSERT INTO aerolineas (id_oaci, nombre, pais, ciudad)
VALUES ('QF', 'Qantas', 'Australia', 'Sydney');

-- Aerolínea de Japón
INSERT INTO aerolineas (id_oaci, nombre, pais, ciudad)
VALUES ('JL', 'Japan Airlines', 'Japan', 'Tokyo');

-- Aerolínea de Sudáfrica
INSERT INTO aerolineas (id_oaci, nombre, pais, ciudad)
VALUES ('SA', 'South African Airways', 'South Africa', 'Cape Town');

-- Aerolínea de India
INSERT INTO aerolineas (id_oaci, nombre, pais, ciudad)
VALUES ('AI', 'Air India', 'India', 'Delhi');

-- Aerolínea de Turquía
INSERT INTO aerolineas (id_oaci, nombre, pais, ciudad)
VALUES ('TK', 'Turkish Airlines', 'Turkey', 'Istanbul');

-- Aerolínea de Malasia
INSERT INTO aerolineas (id_oaci, nombre, pais, ciudad)
VALUES ('MH', 'Malaysia Airlines', 'Malaysia', 'Kuala Lumpur');

-- Aerolínea de Alemania
INSERT INTO aerolineas (id_oaci, nombre, pais, ciudad)
VALUES ('LH', 'Lufthansa', 'Germany', 'Munich');

-- Aerolínea de Corea del Sur
INSERT INTO aerolineas (id_oaci, nombre, pais, ciudad)
VALUES ('KE', 'Korean Air', 'South Korea', 'Seoul');

-- RUTAS ORIGEN-DESTINO PARA VUELOS

-- Vuelo LAX a JFK

INSERT INTO aorigen (origen, aeropuerto_id_iata)
VALUES (1, 'LAX');

INSERT INTO adestino (destino, aeropuerto_id_iata)
VALUES (1, 'JFK');

-- Vuelo CDG a YZZ

INSERT INTO aorigen (origen, aeropuerto_id_iata)
VALUES (2, 'CDG');

INSERT INTO adestino (destino, aeropuerto_id_iata)
VALUES (2, 'YYZ');

-- Vuelo GUA a MIA

INSERT INTO aorigen (origen, aeropuerto_id_iata)
VALUES (3, 'GUA');

INSERT INTO adestino (destino, aeropuerto_id_iata)
VALUES (3, 'MIA');

-- Vuelo MUC a SVO

INSERT INTO aorigen (origen, aeropuerto_id_iata)
VALUES (4, 'MUC');

INSERT INTO adestino (destino, aeropuerto_id_iata)
VALUES (4, 'SVO');

-- Vuelo MEX a GUA

INSERT INTO aorigen (origen, aeropuerto_id_iata)
VALUES (5, 'MEX');

INSERT INTO adestino (destino, aeropuerto_id_iata)
VALUES (5, 'GUA');

-- Vuelo PHX - MIA

INSERT INTO aorigen (origen, aeropuerto_id_iata)
VALUES (6, 'PHX');

INSERT INTO adestino (destino, aeropuerto_id_iata)
VALUES (6, 'MIA');

-- Vuelo MAD a MEX

INSERT INTO aorigen (origen, aeropuerto_id_iata)
VALUES (7, 'MAD');

INSERT INTO adestino (destino, aeropuerto_id_iata)
VALUES (7, 'MEX');

-- Vuelo JFK a MAD

INSERT INTO aorigen (origen, aeropuerto_id_iata)
VALUES (8, 'JFK');

INSERT INTO adestino (destino, aeropuerto_id_iata)
VALUES (8, 'MAD');

-- Vuelo CLT a LHR

INSERT INTO aorigen (origen, aeropuerto_id_iata)
VALUES (9, 'CLT');

INSERT INTO adestino (destino, aeropuerto_id_iata)
VALUES (9, 'LHR');

-- Vuelo FCO a MAD

INSERT INTO aorigen (origen, aeropuerto_id_iata)
VALUES (10, 'FCO');

INSERT INTO adestino (destino, aeropuerto_id_iata)
VALUES (10, 'MAD');


-- AVIONES

-- Avión de Delta Airlines
INSERT INTO aviones (aerolineas_id_oaci, id_matricula, modelo, capacidad, alcancemax)
VALUES ('DL', 'N456DL', 'Boeing 757', 6, 6500.00);

-- Avión de United Airlines
INSERT INTO aviones (aerolineas_id_oaci, id_matricula, modelo, capacidad, alcancemax)
VALUES ('UA', 'N789UA', 'Boeing 767', 8, 7000.00);

-- Avión de Air Canada
INSERT INTO aviones (aerolineas_id_oaci, id_matricula, modelo, capacidad, alcancemax)
VALUES ('AC', 'C001AC', 'Airbus A330', 10, 6200.00);

-- Avión de Aeroméxico
INSERT INTO aviones (aerolineas_id_oaci, id_matricula, modelo, capacidad, alcancemax)
VALUES ('AM', 'XA-AM1', 'Boeing 737 MAX', 4, 3500.00);

-- Avión de GOL Linhas Aéreas
INSERT INTO aviones (aerolineas_id_oaci, id_matricula, modelo, capacidad, alcancemax)
VALUES ('G3', 'PR-G3A', 'Boeing 737-800', 5, 4500.00);

-- Avión de Aerolíneas Argentinas
INSERT INTO aviones (aerolineas_id_oaci, id_matricula, modelo, capacidad, alcancemax)
VALUES ('AR', 'LV-FUA', 'Airbus A340', 9, 8500.00);

-- Avión de Alitalia
INSERT INTO aviones (aerolineas_id_oaci, id_matricula, modelo, capacidad, alcancemax)
VALUES ('AZ', 'I-AZ01', 'Boeing 777', 7, 9000.00);

-- Avión de Iberia
INSERT INTO aviones (aerolineas_id_oaci, id_matricula, modelo, capacidad, alcancemax)
VALUES ('IB', 'EC-IB01', 'Airbus A350', 8, 7800.00);

-- Avión de Aeroflot
INSERT INTO aviones (aerolineas_id_oaci, id_matricula, modelo, capacidad, alcancemax)
VALUES ('SU', 'RA-8900', 'Sukhoi Superjet 100', 3, 3000.00);

-- Avión de Qantas
INSERT INTO aviones (aerolineas_id_oaci, id_matricula, modelo, capacidad, alcancemax)
VALUES ('QF', 'VH-QF01', 'Airbus A380', 14, 12000.00);



-- EMPLEADOS

-- Insert into empleado
INSERT INTO empleado (id_empleado, nombre, apellidos, correo, telefono, salario, aerolineas_id_oaci)
VALUES (1, 'John', 'Doe', 'john.doe@example.com', '5551234', 50000.00, 'AA');

INSERT INTO empleado (id_empleado, nombre, apellidos, correo, telefono, salario, aerolineas_id_oaci)
VALUES (2, 'Marie', 'Dupont', 'marie.dupont@example.com', '5555678', 55000.00, 'AF');

INSERT INTO empleado (id_empleado, nombre, apellidos, correo, telefono, salario, aerolineas_id_oaci)
VALUES (3, 'James', 'Smith', 'james.smith@example.com', '5559876', 60000.00, 'BA');

-- Empleado de Delta Airlines
INSERT INTO empleado (id_empleado, nombre, apellidos, correo, telefono, salario, aerolineas_id_oaci)
VALUES (4, 'Emily', 'Johnson', 'emily.johnson@example.com', '5551111', 52000.00, 'DL');

-- Empleado de United Airlines
INSERT INTO empleado (id_empleado, nombre, apellidos, correo, telefono, salario, aerolineas_id_oaci)
VALUES (5, 'Michael', 'Williams', 'michael.williams@example.com', '5552222', 58000.00, 'UA');

-- Empleado de Air Canada
INSERT INTO empleado (id_empleado, nombre, apellidos, correo, telefono, salario, aerolineas_id_oaci)
VALUES (6, 'Sophia', 'Brown', 'sophia.brown@example.com', '5553333', 54000.00, 'AC');

-- Empleado de Aeroméxico
INSERT INTO empleado (id_empleado, nombre, apellidos, correo, telefono, salario, aerolineas_id_oaci)
VALUES (7, 'Carlos', 'González', 'carlos.gonzalez@example.com', '5554444', 57000.00, 'AM');

-- Empleado de GOL Linhas Aéreas
INSERT INTO empleado (id_empleado, nombre, apellidos, correo, telefono, salario, aerolineas_id_oaci)
VALUES (8, 'Fernanda', 'Silva', 'fernanda.silva@example.com', '5555555', 53000.00, 'G3');

-- Empleado de Aerolíneas Argentinas
INSERT INTO empleado (id_empleado, nombre, apellidos, correo, telefono, salario, aerolineas_id_oaci)
VALUES (9, 'Juan', 'Pérez', 'juan.perez@example.com', '5556666', 59000.00, 'AR');

-- Empleado de Alitalia
INSERT INTO empleado (id_empleado, nombre, apellidos, correo, telefono, salario, aerolineas_id_oaci)
VALUES (10, 'Giulia', 'Rossi', 'giulia.rossi@example.com', '5557777', 61000.00, 'AZ');

-- Empleado de Iberia
INSERT INTO empleado (id_empleado, nombre, apellidos, correo, telefono, salario, aerolineas_id_oaci)
VALUES (11, 'Luis', 'Garcia', 'luis.garcia@example.com', '5558888', 55000.00, 'IB');

-- Empleado de Aeroflot
INSERT INTO empleado (id_empleado, nombre, apellidos, correo, telefono, salario, aerolineas_id_oaci)
VALUES (12, 'Ivan', 'Petrov', 'ivan.petrov@example.com', '5559999', 62000.00, 'SU');

-- Empleado de Qantas
INSERT INTO empleado (id_empleado, nombre, apellidos, correo, telefono, salario, aerolineas_id_oaci)
VALUES (13, 'Olivia', 'Smith', 'olivia.smith@example.com', '5551010', 60000.00, 'QF');


-- PASAJEROS

INSERT INTO pasajeros (id_pasajero, nombre, apellidos, correo, telefono, numeropasaporte, visa)
VALUES (1, 'Jane', 'Smith', 'jane.smith@example.com', '5554321', 'P12345678', 'Visa123');

INSERT INTO pasajeros (id_pasajero, nombre, apellidos, correo, telefono, numeropasaporte, visa)
VALUES (2, 'Louis', 'Martin', 'louis.martin@example.com', '5558765', 'P87654321', 'Visa456');

INSERT INTO pasajeros (id_pasajero, nombre, apellidos, correo, telefono, numeropasaporte, visa)
VALUES (3, 'Alice', 'Brown', 'alice.brown@example.com', '5551239', 'P11223344', 'Visa789');

-- Insertar pasajeros
INSERT INTO pasajeros (id_pasajero, nombre, apellidos, correo, telefono, numeropasaporte, visa)
VALUES (4, 'Carlos', 'García', 'carlos.garcia@example.com', '5556543', 'P33445566', 'Visa101');

INSERT INTO pasajeros (id_pasajero, nombre, apellidos, correo, telefono, numeropasaporte, visa)
VALUES (5, 'Sophie', 'Müller', 'sophie.muller@example.com', '5557654', 'P55667788', 'Visa202');

INSERT INTO pasajeros (id_pasajero, nombre, apellidos, correo, telefono, numeropasaporte, visa)
VALUES (6, 'Yuki', 'Takahashi', 'yuki.takahashi@example.com', '5559876', 'P77889900', 'Visa303');

INSERT INTO pasajeros (id_pasajero, nombre, apellidos, correo, telefono, numeropasaporte, visa)
VALUES (7, 'Fatima', 'Ali', 'fatima.ali@example.com', '5557890', 'P99001122', 'Visa404');

INSERT INTO pasajeros (id_pasajero, nombre, apellidos, correo, telefono, numeropasaporte, visa)
VALUES (8, 'Liam', 'OConnor', 'liam.oconnor@example.com', '5553210', 'P22334455', 'Visa505');

INSERT INTO pasajeros (id_pasajero, nombre, apellidos, correo, telefono, numeropasaporte, visa)
VALUES (9, 'Isabella', 'Rossi', 'isabella.rossi@example.com', '5558760', 'P66778899', 'Visa606');

INSERT INTO pasajeros (id_pasajero, nombre, apellidos, correo, telefono, numeropasaporte, visa)
VALUES (10, 'Mohammed', 'Hassan', 'mohammed.hassan@example.com', '5555432', 'P99887766', 'Visa707');

INSERT INTO pasajeros (id_pasajero, nombre, apellidos, correo, telefono, numeropasaporte, visa)
VALUES (11, 'Emma', 'Wang', 'emma.wang@example.com', '5556789', 'P11224488', 'Visa808');

INSERT INTO pasajeros (id_pasajero, nombre, apellidos, correo, telefono, numeropasaporte, visa)
VALUES (12, 'Lucas', 'Martínez', 'lucas.martinez@example.com', '5551238', 'P33446677', 'Visa909');

INSERT INTO pasajeros (id_pasajero, nombre, apellidos, correo, telefono, numeropasaporte, visa)
VALUES (13, 'Chloe', 'Dubois', 'chloe.dubois@example.com', '5557891', 'P55668899', 'Visa010');


-- EQUIPAJES

-- Insert into equipaje
INSERT INTO equipaje (id_equipaje, peso, largo, alto, ancho, estado, observacion, pasajeros_id_pasajero)
VALUES (1, 23.50, 50.00, 20, 40.00, 'Checked', 'Handle with care', 1);

INSERT INTO equipaje (id_equipaje, peso, largo, alto, ancho, estado, observacion, pasajeros_id_pasajero)
VALUES (2, 18.00, 45.00, 18, 35.00, 'Checked', 'Fragile', 2);

INSERT INTO equipaje (id_equipaje, peso, largo, alto, ancho, estado, observacion, pasajeros_id_pasajero)
VALUES (3, 25.00, 55.00, 22, 42.00, 'Checked', 'Oversized', 3);

-- Insertar equipaje
INSERT INTO equipaje (id_equipaje, peso, largo, alto, ancho, estado, observacion, pasajeros_id_pasajero)
VALUES (4, 22.00, 48.00, 21, 38.00, 'Checked', 'Handle with care', 4);

INSERT INTO equipaje (id_equipaje, peso, largo, alto, ancho, estado, observacion, pasajeros_id_pasajero)
VALUES (5, 19.50, 46.00, 19, 36.00, 'Checked', 'Fragile', 5);

INSERT INTO equipaje (id_equipaje, peso, largo, alto, ancho, estado, observacion, pasajeros_id_pasajero)
VALUES (6, 24.00, 52.00, 23, 44.00, 'Checked', 'Oversized', 6);

INSERT INTO equipaje (id_equipaje, peso, largo, alto, ancho, estado, observacion, pasajeros_id_pasajero)
VALUES (7, 20.00, 47.00, 20, 37.00, 'Checked', 'None', 7);

INSERT INTO equipaje (id_equipaje, peso, largo, alto, ancho, estado, observacion, pasajeros_id_pasajero)
VALUES (8, 21.50, 49.00, 22, 39.00, 'Checked', 'None', 8);

INSERT INTO equipaje (id_equipaje, peso, largo, alto, ancho, estado, observacion, pasajeros_id_pasajero)
VALUES (9, 23.00, 50.00, 21, 40.00, 'Checked', 'Handle with care', 9);

INSERT INTO equipaje (id_equipaje, peso, largo, alto, ancho, estado, observacion, pasajeros_id_pasajero)
VALUES (10, 18.50, 44.00, 18, 34.00, 'Checked', 'None', 10);

INSERT INTO equipaje (id_equipaje, peso, largo, alto, ancho, estado, observacion, pasajeros_id_pasajero)
VALUES (11, 22.50, 51.00, 23, 41.00, 'Checked', 'Fragile', 11);

INSERT INTO equipaje (id_equipaje, peso, largo, alto, ancho, estado, observacion, pasajeros_id_pasajero)
VALUES (12, 19.00, 46.00, 20, 36.00, 'Checked', 'Handle with care', 12);

INSERT INTO equipaje (id_equipaje, peso, largo, alto, ancho, estado, observacion, pasajeros_id_pasajero)
VALUES (13, 24.50, 53.00, 24, 45.00, 'Checked', 'Oversized', 13);

INSERT INTO equipaje (id_equipaje, peso, largo, alto, ancho, estado, observacion, pasajeros_id_pasajero)
VALUES (14, 25.50, 52.00, 23, 40.00, 'Checked', 'Fragile', 14);


-- TERMINALES


INSERT INTO terminales (id_terminal, aeropuerto_id_iata, terminales_id)
VALUES (1, 'LAX', 1);

INSERT INTO terminales (id_terminal, aeropuerto_id_iata, terminales_id)
VALUES (2, 'JFK', 2);

INSERT INTO terminales (id_terminal, aeropuerto_id_iata, terminales_id)
VALUES (3, 'CDG', 3);

INSERT INTO terminales (id_terminal, aeropuerto_id_iata, terminales_id)
VALUES (4, 'YYZ', 4);

INSERT INTO terminales (id_terminal, aeropuerto_id_iata, terminales_id)
VALUES (5, 'MEX', 5);

INSERT INTO terminales (id_terminal, aeropuerto_id_iata, terminales_id)
VALUES (6, 'GUA', 6);

-- PUERTAS


INSERT INTO puerta (id_puerta, terminales_terminales_id, id_terminal)
VALUES (1, 1, 1);

INSERT INTO puerta (id_puerta, terminales_terminales_id, id_terminal)
VALUES (2, 2, 2);

INSERT INTO puerta (id_puerta, terminales_terminales_id, id_terminal)
VALUES (3, 3, 3);

INSERT INTO puerta (id_puerta, terminales_terminales_id, id_terminal)
VALUES (4, 4, 4);

INSERT INTO puerta (id_puerta, terminales_terminales_id, id_terminal)
VALUES (5, 5, 5);

INSERT INTO puerta (id_puerta, terminales_terminales_id, id_terminal)
VALUES (6, 6, 6);


-- TRIPULACION


INSERT INTO tripulacion (id_tripulacion)
VALUES (1);

INSERT INTO tripulacion (id_tripulacion)
VALUES (2);

INSERT INTO tripulacion (id_tripulacion)
VALUES (3);

INSERT INTO tripulacion (id_tripulacion)
VALUES (4);

INSERT INTO tripulacion (id_tripulacion)
VALUES (5);

INSERT INTO tripulacion (id_tripulacion)
VALUES (6);


-- MANTENIMIENTO

-- Insert into mantenimiento
INSERT INTO mantenimiento (id_mantenimiento, descripcion, aviones_id_matricula)
VALUES (1, 'Engine Check', 'N123AA');

INSERT INTO mantenimiento (id_mantenimiento, descripcion, aviones_id_matricula)
VALUES (2, 'Landing Gear Check', 'F456AF');

INSERT INTO mantenimiento (id_mantenimiento, descripcion, aviones_id_matricula)
VALUES (3, 'Interior Cleaning', 'B789BA');

INSERT INTO mantenimiento (id_mantenimiento, descripcion, aviones_id_matricula)
VALUES (4, 'Engine Check', 'N456DL');

INSERT INTO mantenimiento (id_mantenimiento, descripcion, aviones_id_matricula)
VALUES (5, 'Landing Gear Check', 'N789UA');

INSERT INTO mantenimiento (id_mantenimiento, descripcion, aviones_id_matricula)
VALUES (6, 'Interior Cleaning', 'C001AC');


-- PUESTOS

INSERT INTO puesto (id_puesto, rol, empleado_id_empleado, tripulacion_id_tripulacion)
VALUES (1, 'P', 1, 1);


INSERT INTO puesto (id_puesto, rol, empleado_id_empleado, tripulacion_id_tripulacion)
VALUES (2, 'P', 2, 2);

INSERT INTO puesto (id_puesto, rol, empleado_id_empleado, tripulacion_id_tripulacion)
VALUES (3, 'P', 3, 3);

INSERT INTO puesto (id_puesto, rol, empleado_id_empleado, tripulacion_id_tripulacion)
VALUES (4, 'P', 4, 4);


INSERT INTO puesto (id_puesto, rol, empleado_id_empleado, tripulacion_id_tripulacion)
VALUES (5, 'P', 5, 5);

INSERT INTO puesto (id_puesto, rol, empleado_id_empleado, tripulacion_id_tripulacion)
VALUES (6, 'C', 6, 6);


-- RUTA


INSERT INTO ruta (id_ruta, distancia, duracion, aorigen_origen, adestino_destino)
VALUES (1, 2500.00, 5.50, 1, 1);

INSERT INTO ruta (id_ruta, distancia, duracion, aorigen_origen, adestino_destino)
VALUES (2, 3000.00, 6.00, 2, 2);

INSERT INTO ruta (id_ruta, distancia, duracion, aorigen_origen, adestino_destino)
VALUES (3, 3500.00, 7.00, 3, 3);

INSERT INTO ruta (id_ruta, distancia, duracion, aorigen_origen, adestino_destino)
VALUES (4, 1500.00, 2.50, 4, 4);

INSERT INTO ruta (id_ruta, distancia, duracion, aorigen_origen, adestino_destino)
VALUES (5, 1000.00, 1.00, 5, 5);

INSERT INTO ruta (id_ruta, distancia, duracion, aorigen_origen, adestino_destino)
VALUES (6, 2500.00, 5.00, 6, 6);

INSERT INTO ruta (id_ruta, distancia, duracion, aorigen_origen, adestino_destino)
VALUES (7, 3500.00, 6.00, 7, 7);

INSERT INTO ruta (id_ruta, distancia, duracion, aorigen_origen, adestino_destino)
VALUES (8, 2300.00, 10.00, 8, 8);

INSERT INTO ruta (id_ruta, distancia, duracion, aorigen_origen, adestino_destino)
VALUES (9, 1400.00, 2.00, 9, 9);

INSERT INTO ruta (id_ruta, distancia, duracion, aorigen_origen, adestino_destino)
VALUES (10, 5600.00, 6.00, 10, 10);

-- VUELOS


INSERT INTO vuelo (id_vuelo, fecha_llegada, fecha_salida, ruta_id_ruta, tripulacion_id_tripulacion, aerolineas_id_oaci, aviones_id_matricula, puerta_id_puerta, estado)
VALUES (6, TO_DATE('2024-25-09 15:00', 'YYYY-MM-DD HH24:MI'), TO_DATE('2024-12-03 19:00', 'YYYY-MM-DD HH24:MI'), 6, 2, 'SU', 'RA-8900', 3, 'P');

INSERT INTO vuelo (id_vuelo, fecha_llegada, fecha_salida, ruta_id_ruta, tripulacion_id_tripulacion, aerolineas_id_oaci, aviones_id_matricula, puerta_id_puerta, estado)
VALUES (7, TO_DATE('2024-26-09 15:00', 'YYYY-MM-DD HH24:MI'), TO_DATE('2024-12-03 20:00', 'YYYY-MM-DD HH24:MI'), 7, 3, 'UA', 'N789UA', 1, 'P');


INSERT INTO vuelo (id_vuelo, fecha_llegada, fecha_salida, ruta_id_ruta, tripulacion_id_tripulacion, aerolineas_id_oaci, aviones_id_matricula, puerta_id_puerta, estado)
VALUES (8, TO_DATE('2024-27-09 15:00', 'YYYY-MM-DD HH24:MI'), TO_DATE('2024-12-03 23:00', 'YYYY-MM-DD HH24:MI'), 8, 1, 'AC', 'C001AC', 2, 'P');


INSERT INTO vuelo (id_vuelo, fecha_llegada, fecha_salida, ruta_id_ruta, tripulacion_id_tripulacion, aerolineas_id_oaci, aviones_id_matricula, puerta_id_puerta, estado)
VALUES (9, TO_DATE('2024-13-03 15:00', 'YYYY-MM-DD HH24:MI'), TO_DATE('2024-12-03 17:00', 'YYYY-MM-DD HH24:MI'), 3, 3, 'BA', 'B789BA', 2, 'F');


INSERT INTO vuelo (id_vuelo, fecha_llegada, fecha_salida, ruta_id_ruta, tripulacion_id_tripulacion, aerolineas_id_oaci, aviones_id_matricula, puerta_id_puerta, estado)
VALUES (10, TO_DATE('2024-16-07 15:00', 'YYYY-MM-DD HH24:MI'), TO_DATE('2024-12-03 18:00', 'YYYY-MM-DD HH24:MI'), 3, 3, 'BA', 'B789BA', 1, 'F');


INSERT INTO vuelo (id_vuelo, fecha_llegada, fecha_salida, ruta_id_ruta, tripulacion_id_tripulacion, aerolineas_id_oaci, aviones_id_matricula, puerta_id_puerta, estado)
VALUES (11, TO_DATE('2024-22-04 15:00', 'YYYY-MM-DD HH24:MI'), TO_DATE('2024-12-03 18:00', 'YYYY-MM-DD HH24:MI'), 3, 3, 'BA', 'B789BA', 3, 'F');


-- RESERVAS

INSERT INTO reserva (id_reserva, fecha, metodopago, estado, vuelo_id_vuelo, pasajeros_id_pasajero)
VALUES (1, TO_DATE('2024-12-01', 'YYYY-MM-DD'), 'C', 'A', 1, 1);

INSERT INTO reserva (id_reserva, fecha, metodopago, estado, vuelo_id_vuelo, pasajeros_id_pasajero)
VALUES (2, TO_DATE('2024-12-02', 'YYYY-MM-DD'), 'D', 'O', 2, 2);

INSERT INTO reserva (id_reserva, fecha, metodopago, estado, vuelo_id_vuelo, pasajeros_id_pasajero)
VALUES (3, TO_DATE('2024-12-03', 'YYYY-MM-DD'), 'P', 'C', 3, 3);

INSERT INTO reserva (id_reserva, fecha, metodopago, estado, vuelo_id_vuelo, pasajeros_id_pasajero)
VALUES (4, TO_DATE('2024-12-03', 'YYYY-MM-DD'), 'P', 'C', 4, 4);

-- HISTORIA VP

INSERT INTO historia_vp (id_historial, vuelo_id_vuelo, pasajeros_id_pasajero)
VALUES (1, 1, 1);

INSERT INTO historia_vp (id_historial, vuelo_id_vuelo, pasajeros_id_pasajero)
VALUES (2, 2, 2);

INSERT INTO historia_vp (id_historial, vuelo_id_vuelo, pasajeros_id_pasajero)
VALUES (3, 3, 3);

INSERT INTO historia_vp (id_historial, vuelo_id_vuelo, pasajeros_id_pasajero)
VALUES (4, 4, 4);


-- ASIENTOS


INSERT INTO asiento (id_numero, tarifa_id_tarifa, estado, aviones_id_matricula, reserva_id_reserva)
VALUES (1, 1, 'A', 'N123AA', 1);

INSERT INTO asiento (id_numero, tarifa_id_tarifa, estado, aviones_id_matricula, reserva_id_reserva)
VALUES (2, 2, 'O', 'F456AF', 2);

INSERT INTO asiento (id_numero, tarifa_id_tarifa, estado, aviones_id_matricula, reserva_id_reserva)
VALUES (3, 3, 'A', 'B789BA', 3);

INSERT INTO asiento (id_numero, tarifa_id_tarifa, estado, aviones_id_matricula, reserva_id_reserva)
VALUES (3, 3, 'A', 'B789BA', 4);
