-- AEROPUERTOS

INSERT INTO aeropuerto (id_iata, nombre, pais, ciudad, pistasextendidas, serviciosaduaneros)
VALUES ('LAX', 'Los Angeles International', 'USA', 'Los Angeles', 4, 1);

INSERT INTO aeropuerto (id_iata, nombre, pais, ciudad, pistasextendidas, serviciosaduaneros)
VALUES ('JFK', 'John F. Kennedy International', 'USA', 'New York', 4, 1);

INSERT INTO aeropuerto (id_iata, nombre, pais, ciudad, pistasextendidas, serviciosaduaneros)
VALUES ('CDG', 'Charles de Gaulle', 'France', 'Paris', 4, 1);

-- Aeropuerto en Toronto, Canadá
INSERT INTO aeropuerto (id_iata, nombre, pais, ciudad, pistasextendidas, serviciosaduaneros)
VALUES ('YYZ', 'Toronto Pearson International', 'Canada', 'Toronto', 3, 1);

-- Aeropuerto en Ciudad de México, México
INSERT INTO aeropuerto (id_iata, nombre, pais, ciudad, pistasextendidas, serviciosaduaneros)
VALUES ('MEX', 'Internacional Benito Juárez', 'Mexico', 'Ciudad de México', 2, 1);

-- Aeropuerto en Ciudad de Guatemala, Guatemala
INSERT INTO aeropuerto (id_iata, nombre, pais, ciudad, pistasextendidas, serviciosaduaneros)
VALUES ('GUA', 'Internacional La Aurora', 'Guatemala', 'Ciudad de Guatemala', 1, 0);

-- Aeropuerto en Rio de Janeiro, Brasil
INSERT INTO aeropuerto (id_iata, nombre, pais, ciudad, pistasextendidas, serviciosaduaneros)
VALUES ('GIG', 'Internacional Galeão', 'Brasil', 'Rio de Janeiro', 4, 1);

-- Aeropuerto en Buenos Aires, Argentina
INSERT INTO aeropuerto (id_iata, nombre, pais, ciudad, pistasextendidas, serviciosaduaneros)
VALUES ('EZE', 'Internacional Ministro Pistarini', 'Argentina', 'Buenos Aires', 3, 1);

-- Aeropuerto en Londres, Inglaterra
INSERT INTO aeropuerto (id_iata, nombre, pais, ciudad, pistasextendidas, serviciosaduaneros)
VALUES ('LHR', 'Londres-Heathrow', 'England', 'London', 5, 1);

-- Aeropuerto en Roma, Italia
INSERT INTO aeropuerto (id_iata, nombre, pais, ciudad, pistasextendidas, serviciosaduaneros)
VALUES ('FCO', 'Leonardo da Vinci', 'Italy', 'Roma', 4, 1);

-- Aeropuerto en Madrid, España
INSERT INTO aeropuerto (id_iata, nombre, pais, ciudad, pistasextendidas, serviciosaduaneros)
VALUES ('MAD', 'Adolfo Suárez Madrid-Barajas', 'Spain', 'Madrid', 3, 1);

-- Aeropuerto en Moscú, Rusia
INSERT INTO aeropuerto (id_iata, nombre, pais, ciudad, pistasextendidas, serviciosaduaneros)
VALUES ('SVO', 'Sheremétievo', 'Russia', 'Moscow', 5, 1);

-- Aeropuerto en Beijing, China
INSERT INTO aeropuerto (id_iata, nombre, pais, ciudad, pistasextendidas, serviciosaduaneros)
VALUES ('PEK', 'Pekín-Capital', 'China', 'Beijing', 4, 1);

-- Aeropuerto en Sídney, Australia
INSERT INTO aeropuerto (id_iata, nombre, pais, ciudad, pistasextendidas, serviciosaduaneros)
VALUES ('SYD', 'Kingsford Smith', 'Australia', 'Sydney', 3, 1);

-- Aeropuerto en Tokio, Japón
INSERT INTO aeropuerto (id_iata, nombre, pais, ciudad, pistasextendidas, serviciosaduaneros)
VALUES ('NRT', 'Narita', 'Japan', 'Tokyo', 5, 1);

-- Aeropuerto en Cape Town, Sudáfrica
INSERT INTO aeropuerto (id_iata, nombre, pais, ciudad, pistasextendidas, serviciosaduaneros)
VALUES ('CPT', 'Ciudad del Cabo International', 'South Africa', 'Cape Town', 3, 0);

-- Aeropuerto en Delhi, India
INSERT INTO aeropuerto (id_iata, nombre, pais, ciudad, pistasextendidas, serviciosaduaneros)
VALUES ('DEL', 'Indira Gandhi International', 'India', 'Delhi', 5, 1);


-- Aeropuerto en Atlanta, Estados Unidos
INSERT INTO aeropuerto (id_iata, nombre, pais, ciudad, pistasextendidas, serviciosaduaneros)
VALUES ('ATL', 'Hartsfield-Jackson Atlanta International', 'USA', 'Atlanta', 5, 1);

-- Aeropuerto en Chicago, Estados Unidos
INSERT INTO aeropuerto (id_iata, nombre, pais, ciudad, pistasextendidas, serviciosaduaneros)
VALUES ('ORD', 'OHare International', 'USA', 'Chicago', 4, 1);

-- Aeropuerto en Dallas, Estados Unidos
INSERT INTO aeropuerto (id_iata, nombre, pais, ciudad, pistasextendidas, serviciosaduaneros)
VALUES ('DFW', 'Dallas-Fort Worth International', 'USA', 'Dallas', 4, 1);

-- Aeropuerto en Frankfurt, Alemania
INSERT INTO aeropuerto (id_iata, nombre, pais, ciudad, pistasextendidas, serviciosaduaneros)
VALUES ('FRA', 'Frankfurt am Main', 'Germany', 'Frankfurt', 4, 1);

-- Aeropuerto en Yakarta, Indonesia
INSERT INTO aeropuerto (id_iata, nombre, pais, ciudad, pistasextendidas, serviciosaduaneros)
VALUES ('CGK', 'Soekarno-Hatta International', 'Indonesia', 'Yakarta', 3, 1);

-- Aeropuerto en Dubái, Emiratos Árabes Unidos
INSERT INTO aeropuerto (id_iata, nombre, pais, ciudad, pistasextendidas, serviciosaduaneros)
VALUES ('DXB', 'Dubai International', 'UAE', 'Dubai', 4, 1);

-- Aeropuerto en Hong Kong
INSERT INTO aeropuerto (id_iata, nombre, pais, ciudad, pistasextendidas, serviciosaduaneros)
VALUES ('HKG', 'Hong Kong International', 'Hong Kong', 'Hong Kong', 3, 1);

-- Aeropuerto en Denver, Estados Unidos
INSERT INTO aeropuerto (id_iata, nombre, pais, ciudad, pistasextendidas, serviciosaduaneros)
VALUES ('DEN', 'Denver International', 'USA', 'Denver', 6, 1);

-- Aeropuerto en Bangkok, Tailandia
INSERT INTO aeropuerto (id_iata, nombre, pais, ciudad, pistasextendidas, serviciosaduaneros)
VALUES ('BKK', 'Suvarnabhumi Airport', 'Thailand', 'Bangkok', 2, 1);

-- Aeropuerto en Ámsterdam, Países Bajos
INSERT INTO aeropuerto (id_iata, nombre, pais, ciudad, pistasextendidas, serviciosaduaneros)
VALUES ('AMS', 'Schiphol', 'Netherlands', 'Amsterdam', 6, 1);

-- Aeropuerto en Singapur
INSERT INTO aeropuerto (id_iata, nombre, pais, ciudad, pistasextendidas, serviciosaduaneros)
VALUES ('SIN', 'Singapore Changi', 'Singapore', 'Singapore', 3, 1);

-- Aeropuerto en Guangzhou, China
INSERT INTO aeropuerto (id_iata, nombre, pais, ciudad, pistasextendidas, serviciosaduaneros)
VALUES ('CAN', 'Guangzhou Baiyun International', 'China', 'Guangzhou', 3, 1);

-- Aeropuerto en Shanghái, China
INSERT INTO aeropuerto (id_iata, nombre, pais, ciudad, pistasextendidas, serviciosaduaneros)
VALUES ('PVG', 'Shanghai Pudong International', 'China', 'Shanghai', 4, 1);

-- Aeropuerto en San Francisco, Estados Unidos
INSERT INTO aeropuerto (id_iata, nombre, pais, ciudad, pistasextendidas, serviciosaduaneros)
VALUES ('SFO', 'San Francisco International', 'USA', 'San Francisco', 4, 1);

-- Aeropuerto en Estambul, Turquía
INSERT INTO aeropuerto (id_iata, nombre, pais, ciudad, pistasextendidas, serviciosaduaneros)
VALUES ('IST', 'Istanbul Airport', 'Turkey', 'Istanbul', 5, 1);

-- Aeropuerto en Las Vegas, Estados Unidos
INSERT INTO aeropuerto (id_iata, nombre, pais, ciudad, pistasextendidas, serviciosaduaneros)
VALUES ('LAS', 'Harry Reid International', 'USA', 'Las Vegas', 4, 1);

-- Aeropuerto en Charlotte, Estados Unidos
INSERT INTO aeropuerto (id_iata, nombre, pais, ciudad, pistasextendidas, serviciosaduaneros)
VALUES ('CLT', 'Charlotte Douglas International', 'USA', 'Charlotte', 4, 1);

-- Aeropuerto en Phoenix, Estados Unidos
INSERT INTO aeropuerto (id_iata, nombre, pais, ciudad, pistasextendidas, serviciosaduaneros)
VALUES ('PHX', 'Phoenix Sky Harbor International', 'USA', 'Phoenix', 3, 1);

-- Aeropuerto en Houston, Estados Unidos
INSERT INTO aeropuerto (id_iata, nombre, pais, ciudad, pistasextendidas, serviciosaduaneros)
VALUES ('IAH', 'George Bush Intercontinental', 'USA', 'Houston', 5, 1);

-- Aeropuerto en Miami, Estados Unidos
INSERT INTO aeropuerto (id_iata, nombre, pais, ciudad, pistasextendidas, serviciosaduaneros)
VALUES ('MIA', 'Miami International', 'USA', 'Miami', 4, 1);

-- Aeropuerto en Kuala Lumpur, Malasia
INSERT INTO aeropuerto (id_iata, nombre, pais, ciudad, pistasextendidas, serviciosaduaneros)
VALUES ('KUL', 'Kuala Lumpur International', 'Malaysia', 'Kuala Lumpur', 4, 1);

-- Aeropuerto en Múnich, Alemania
INSERT INTO aeropuerto (id_iata, nombre, pais, ciudad, pistasextendidas, serviciosaduaneros)
VALUES ('MUC', 'Munich Airport', 'Germany', 'Munich', 2, 1);

-- Aeropuerto en Seúl Incheon, Corea del Sur
INSERT INTO aeropuerto (id_iata, nombre, pais, ciudad, pistasextendidas, serviciosaduaneros)
VALUES ('ICN', 'Incheon International', 'South Korea', 'Seoul', 4, 1);

-- AEROLINEAS

-- Aerolíneas de Estados Unidos

INSERT INTO aerolineas (id_oaci, nombre, pais, ciudad)
VALUES ('AA', 'American Airlines', 'USA', 'Dallas');

INSERT INTO aerolineas (id_oaci, nombre, pais, ciudad)
VALUES ('AF', 'Air France', 'France', 'Paris');

INSERT INTO aerolineas (id_oaci, nombre, pais, ciudad)
VALUES ('BA', 'British Airways', 'UK', 'London');


INSERT INTO aerolineas (id_oaci, nombre, pais, ciudad)
VALUES ('DL', 'Delta Airlines', 'USA', 'Atlanta');

INSERT INTO aerolineas (id_oaci, nombre, pais, ciudad)
VALUES ('UA', 'United Airlines', 'USA', 'Chicago');

-- Aerolínea de Canadá
INSERT INTO aerolineas (id_oaci, nombre, pais, ciudad)
VALUES ('AC', 'Air Canada', 'Canada', 'Toronto');

-- Aerolínea de México
INSERT INTO aerolineas (id_oaci, nombre, pais, ciudad)
VALUES ('AM', 'Aeroméxico', 'México', 'Ciudad de México');

-- Aerolínea de Brasil
INSERT INTO aerolineas (id_oaci, nombre, pais, ciudad)
VALUES ('G3', 'GOL Linhas Aéreas', 'Brasil', 'Rio de Janeiro');

-- Aerolínea de Argentina
INSERT INTO aerolineas (id_oaci, nombre, pais, ciudad)
VALUES ('AR', 'Aerolineas Argentinas', 'Argentina', 'Buenos Aires');

-- Aerolínea de Italia
INSERT INTO aerolineas (id_oaci, nombre, pais, ciudad)
VALUES ('AZ', 'Alitalia', 'Italy', 'Rome');

-- Aerolínea de España
INSERT INTO aerolineas (id_oaci, nombre, pais, ciudad)
VALUES ('IB', 'Iberia', 'Spain', 'Madrid');

-- Aerolínea de Rusia
INSERT INTO aerolineas (id_oaci, nombre, pais, ciudad)
VALUES ('SU', 'Aeroflot', 'Russia', 'Moscow');

-- Aerolínea de China
INSERT INTO aerolineas (id_oaci, nombre, pais, ciudad)
VALUES ('CA', 'Air China', 'China', 'Beijing');

-- Aerolínea de Australia
INSERT INTO aerolineas (id_oaci, nombre, pais, ciudad)
VALUES ('QF', 'Qantas', 'Australia', 'Sydney');

-- Aerolínea de Japón
INSERT INTO aerolineas (id_oaci, nombre, pais, ciudad)
VALUES ('JL', 'Japan Airlines', 'Japan', 'Tokyo');

-- Aerolínea de Sudáfrica
INSERT INTO aerolineas (id_oaci, nombre, pais, ciudad)
VALUES ('SA', 'South African Airways', 'South Africa', 'Cape Town');

-- Aerolínea de India
INSERT INTO aerolineas (id_oaci, nombre, pais, ciudad)
VALUES ('AI', 'Air India', 'India', 'Delhi');

-- Aerolínea de Turquía
INSERT INTO aerolineas (id_oaci, nombre, pais, ciudad)
VALUES ('TK', 'Turkish Airlines', 'Turkey', 'Istanbul');

-- Aerolínea de Malasia
INSERT INTO aerolineas (id_oaci, nombre, pais, ciudad)
VALUES ('MH', 'Malaysia Airlines', 'Malaysia', 'Kuala Lumpur');

-- Aerolínea de Alemania
INSERT INTO aerolineas (id_oaci, nombre, pais, ciudad)
VALUES ('LH', 'Lufthansa', 'Germany', 'Munich');

-- Aerolínea de Corea del Sur
INSERT INTO aerolineas (id_oaci, nombre, pais, ciudad)
VALUES ('KE', 'Korean Air', 'South Korea', 'Seoul');

-- RUTAS ORIGEN-DESTINO PARA VUELOS

-- Vuelo LAX a JFK

INSERT INTO aorigen (origen, aeropuerto_id_iata)
VALUES (1, 'LAX');

INSERT INTO adestino (destino, aeropuerto_id_iata)
VALUES (1, 'JFK');

-- Vuelo CDG a YZZ

INSERT INTO aorigen (origen, aeropuerto_id_iata)
VALUES (2, 'CDG');

INSERT INTO adestino (destino, aeropuerto_id_iata)
VALUES (2, 'YYZ');

-- Vuelo GUA a MIA

INSERT INTO aorigen (origen, aeropuerto_id_iata)
VALUES (3, 'GUA');

INSERT INTO adestino (destino, aeropuerto_id_iata)
VALUES (3, 'MIA');

-- Vuelo MUC a SVO

INSERT INTO aorigen (origen, aeropuerto_id_iata)
VALUES (4, 'MUC');

INSERT INTO adestino (destino, aeropuerto_id_iata)
VALUES (4, 'SVO');

-- Vuelo MEX a GUA

INSERT INTO aorigen (origen, aeropuerto_id_iata)
VALUES (5, 'MEX');

INSERT INTO adestino (destino, aeropuerto_id_iata)
VALUES (5, 'GUA');

-- Vuelo PHX - MIA

INSERT INTO aorigen (origen, aeropuerto_id_iata)
VALUES (6, 'PHX');

INSERT INTO adestino (destino, aeropuerto_id_iata)
VALUES (6, 'MIA');

-- Vuelo MAD a MEX

INSERT INTO aorigen (origen, aeropuerto_id_iata)
VALUES (7, 'MAD');

INSERT INTO adestino (destino, aeropuerto_id_iata)
VALUES (7, 'MEX');

-- Vuelo JFK a MAD

INSERT INTO aorigen (origen, aeropuerto_id_iata)
VALUES (8, 'JFK');

INSERT INTO adestino (destino, aeropuerto_id_iata)
VALUES (8, 'MAD');

-- Vuelo CLT a LHR

INSERT INTO aorigen (origen, aeropuerto_id_iata)
VALUES (9, 'CLT');

INSERT INTO adestino (destino, aeropuerto_id_iata)
VALUES (9, 'LHR');

-- Vuelo FCO a MAD

INSERT INTO aorigen (origen, aeropuerto_id_iata)
VALUES (10, 'FCO');

INSERT INTO adestino (destino, aeropuerto_id_iata)
VALUES (10, 'MAD');

-- Vuelo GIG a EZE

INSERT INTO aorigen (origen, aeropuerto_id_iata)
VALUES (11, 'GIG');

INSERT INTO adestino (destino, aeropuerto_id_iata)
VALUES (11, 'EZE');

-- Vuelo LHR a PEK

INSERT INTO aorigen (origen, aeropuerto_id_iata)
VALUES (12, 'LHR');

INSERT INTO adestino (destino, aeropuerto_id_iata)
VALUES (12, 'PEK');

-- Vuelo SYD a NRT

INSERT INTO aorigen (origen, aeropuerto_id_iata)
VALUES (13, 'SYD');

INSERT INTO adestino (destino, aeropuerto_id_iata)
VALUES (13, 'NRT');

-- Vuelo CPT a DEL

INSERT INTO aorigen (origen, aeropuerto_id_iata)
VALUES (14, 'CPT');

INSERT INTO adestino (destino, aeropuerto_id_iata)
VALUES (14, 'DEL');

-- Vuelo YYZ a MEX

INSERT INTO aorigen (origen, aeropuerto_id_iata)
VALUES (15, 'YYZ');

INSERT INTO adestino (destino, aeropuerto_id_iata)
VALUES (15, 'MEX');

-- Vuelo ATL a DFW

INSERT INTO aorigen (origen, aeropuerto_id_iata)
VALUES (16, 'ATL');

INSERT INTO adestino (destino, aeropuerto_id_iata)
VALUES (16, 'DFW');

-- Vuelo DXB a HKG

INSERT INTO aorigen (origen, aeropuerto_id_iata)
VALUES (17, 'DXB');

INSERT INTO adestino (destino, aeropuerto_id_iata)
VALUES (17, 'HKG');

-- Vuelo AMS a MIA

INSERT INTO aorigen (origen, aeropuerto_id_iata)
VALUES (18, 'AMS');

INSERT INTO adestino (destino, aeropuerto_id_iata)
VALUES (18, 'MIA');

-- Vuelo SIN a CAN

INSERT INTO aorigen (origen, aeropuerto_id_iata)
VALUES (19, 'SIN');

INSERT INTO adestino (destino, aeropuerto_id_iata)
VALUES (19, 'CAN');

-- Vuelo KUL a IST

INSERT INTO aorigen (origen, aeropuerto_id_iata)
VALUES (20, 'KUL');

INSERT INTO adestino (destino, aeropuerto_id_iata)
VALUES (20, 'IST');


-- AVIONES


INSERT INTO aviones (aerolineas_id_oaci, id_matricula, modelo, capacidad, alcancemax)
VALUES ('AA', 'N123AA', 'Boeing 737', 3, 30.00);

INSERT INTO aviones (aerolineas_id_oaci, id_matricula, modelo, capacidad, alcancemax)
VALUES ('AF', 'F456AF', 'Airbus A320', 5, 25.00);

INSERT INTO aviones (aerolineas_id_oaci, id_matricula, modelo, capacidad, alcancemax)
VALUES ('BA', 'B789BA', 'Boeing 787', 4, 8000.00);

INSERT INTO aviones (aerolineas_id_oaci, id_matricula, modelo, capacidad, alcancemax)
VALUES ('BA', 'NATALIA', 'PRUEBA', 240, 800.00);

-- Avión de Delta Airlines
INSERT INTO aviones (aerolineas_id_oaci, id_matricula, modelo, capacidad, alcancemax)
VALUES ('DL', 'N456DL', 'Boeing 757', 6, 6500.00);

-- Avión de United Airlines
INSERT INTO aviones (aerolineas_id_oaci, id_matricula, modelo, capacidad, alcancemax)
VALUES ('UA', 'N789UA', 'Boeing 767', 8, 7000.00);

-- Avión de Air Canada
INSERT INTO aviones (aerolineas_id_oaci, id_matricula, modelo, capacidad, alcancemax)
VALUES ('AC', 'C001AC', 'Airbus A330', 10, 6200.00);

-- Avión de Aeroméxico
INSERT INTO aviones (aerolineas_id_oaci, id_matricula, modelo, capacidad, alcancemax)
VALUES ('AM', 'XA-AM1', 'Boeing 737 MAX', 4, 3500.00);

-- Avión de GOL Linhas Aéreas
INSERT INTO aviones (aerolineas_id_oaci, id_matricula, modelo, capacidad, alcancemax)
VALUES ('G3', 'PR-G3A', 'Boeing 737-800', 5, 4500.00);

-- Avión de Aerolíneas Argentinas
INSERT INTO aviones (aerolineas_id_oaci, id_matricula, modelo, capacidad, alcancemax)
VALUES ('AR', 'LV-FUA', 'Airbus A340', 9, 8500.00);

-- Avión de Alitalia
INSERT INTO aviones (aerolineas_id_oaci, id_matricula, modelo, capacidad, alcancemax)
VALUES ('AZ', 'I-AZ01', 'Boeing 777', 7, 9000.00);

-- Avión de Iberia
INSERT INTO aviones (aerolineas_id_oaci, id_matricula, modelo, capacidad, alcancemax)
VALUES ('IB', 'EC-IB01', 'Airbus A350', 8, 7800.00);

-- Avión de Aeroflot
INSERT INTO aviones (aerolineas_id_oaci, id_matricula, modelo, capacidad, alcancemax)
VALUES ('SU', 'RA-8900', 'Sukhoi Superjet 100', 3, 3000.00);

-- Avión de Qantas
INSERT INTO aviones (aerolineas_id_oaci, id_matricula, modelo, capacidad, alcancemax)
VALUES ('QF', 'VH-QF01', 'Airbus A380', 14, 12000.00);

-- Avión de Japan Airlines
INSERT INTO aviones (aerolineas_id_oaci, id_matricula, modelo, capacidad, alcancemax)
VALUES ('JL', 'JA123JL', 'Boeing 787', 6, 7600.00);

-- Avión de South African Airways
INSERT INTO aviones (aerolineas_id_oaci, id_matricula, modelo, capacidad, alcancemax)
VALUES ('SA', 'ZS-SAA', 'Airbus A320', 4, 6000.00);

-- Avión de Air India
INSERT INTO aviones (aerolineas_id_oaci, id_matricula, modelo, capacidad, alcancemax)
VALUES ('AI', 'VT-ANV', 'Boeing 777', 9, 9500.00);

-- Avión de Turkish Airlines
INSERT INTO aviones (aerolineas_id_oaci, id_matricula, modelo, capacidad, alcancemax)
VALUES ('TK', 'TC-JTK', 'Airbus A330', 8, 6700.00);

-- Avión de Malaysia Airlines
INSERT INTO aviones (aerolineas_id_oaci, id_matricula, modelo, capacidad, alcancemax)
VALUES ('MH', '9M-MHA', 'Boeing 737', 5, 4000.00);

-- Avión de Lufthansa
INSERT INTO aviones (aerolineas_id_oaci, id_matricula, modelo, capacidad, alcancemax)
VALUES ('LH', 'D-ABVA', 'Airbus A380', 14, 13000.00);

-- Avión de Korean Air
INSERT INTO aviones (aerolineas_id_oaci, id_matricula, modelo, capacidad, alcancemax)
VALUES ('KE', 'HL-KA01', 'Boeing 747', 10, 10000.00);

-- Avión de Air China
INSERT INTO aviones (aerolineas_id_oaci, id_matricula, modelo, capacidad, alcancemax)
VALUES ('CA', 'B-CA01', 'Airbus A321', 7, 5200.00);

-- Avión de Qantas
INSERT INTO aviones (aerolineas_id_oaci, id_matricula, modelo, capacidad, alcancemax)
VALUES ('QF', 'VH-QF02', 'Boeing 787', 8, 8200.00);

-- Avión de Aeroflot
INSERT INTO aviones (aerolineas_id_oaci, id_matricula, modelo, capacidad, alcancemax)
VALUES ('SU', 'RA-8901', 'Airbus A320', 5, 5600.00);

-- Avión de Iberia
INSERT INTO aviones (aerolineas_id_oaci, id_matricula, modelo, capacidad, alcancemax)
VALUES ('IB', 'EC-IB02', 'Airbus A330', 7, 7200.00);

-- Avión de Alitalia
INSERT INTO aviones (aerolineas_id_oaci, id_matricula, modelo, capacidad, alcancemax)
VALUES ('AZ', 'I-AZ02', 'Boeing 787', 8, 8500.00);

-- Avión de Aerolíneas Argentinas
INSERT INTO aviones (aerolineas_id_oaci, id_matricula, modelo, capacidad, alcancemax)
VALUES ('AR', 'LV-FUB', 'Boeing 737-800', 6, 4700.00);

-- Avión de GOL Linhas Aéreas
INSERT INTO aviones (aerolineas_id_oaci, id_matricula, modelo, capacidad, alcancemax)
VALUES ('G3', 'PR-G3B', 'Boeing 737 MAX', 5, 3800.00);

-- Avión de Aeroméxico
INSERT INTO aviones (aerolineas_id_oaci, id_matricula, modelo, capacidad, alcancemax)
VALUES ('AM', 'XA-AM2', 'Boeing 787', 9, 9100.00);

-- Avión de Air Canada
INSERT INTO aviones (aerolineas_id_oaci, id_matricula, modelo, capacidad, alcancemax)
VALUES ('AC', 'C002AC', 'Boeing 777', 10, 9800.00);

-- Avión de United Airlines
INSERT INTO aviones (aerolineas_id_oaci, id_matricula, modelo, capacidad, alcancemax)
VALUES ('UA', 'N890UA', 'Boeing 787', 9, 8500.00);


-- EMPLEADOS

-- Insert into empleado
INSERT INTO empleado (id_empleado, nombre, apellidos, correo, telefono, salario, aerolineas_id_oaci)
VALUES (1, 'John', 'Doe', 'john.doe@example.com', '5551234', 50000.00, 'AA');

INSERT INTO empleado (id_empleado, nombre, apellidos, correo, telefono, salario, aerolineas_id_oaci)
VALUES (2, 'Marie', 'Dupont', 'marie.dupont@example.com', '5555678', 55000.00, 'AF');

INSERT INTO empleado (id_empleado, nombre, apellidos, correo, telefono, salario, aerolineas_id_oaci)
VALUES (3, 'James', 'Smith', 'james.smith@example.com', '5559876', 60000.00, 'BA');

-- Empleado de Delta Airlines
INSERT INTO empleado (id_empleado, nombre, apellidos, correo, telefono, salario, aerolineas_id_oaci)
VALUES (4, 'Emily', 'Johnson', 'emily.johnson@example.com', '5551111', 52000.00, 'DL');

-- Empleado de United Airlines
INSERT INTO empleado (id_empleado, nombre, apellidos, correo, telefono, salario, aerolineas_id_oaci)
VALUES (5, 'Michael', 'Williams', 'michael.williams@example.com', '5552222', 58000.00, 'UA');

-- Empleado de Air Canada
INSERT INTO empleado (id_empleado, nombre, apellidos, correo, telefono, salario, aerolineas_id_oaci)
VALUES (6, 'Sophia', 'Brown', 'sophia.brown@example.com', '5553333', 54000.00, 'AC');

-- Empleado de Aeroméxico
INSERT INTO empleado (id_empleado, nombre, apellidos, correo, telefono, salario, aerolineas_id_oaci)
VALUES (7, 'Carlos', 'González', 'carlos.gonzalez@example.com', '5554444', 57000.00, 'AM');

-- Empleado de GOL Linhas Aéreas
INSERT INTO empleado (id_empleado, nombre, apellidos, correo, telefono, salario, aerolineas_id_oaci)
VALUES (8, 'Fernanda', 'Silva', 'fernanda.silva@example.com', '5555555', 53000.00, 'G3');

-- Empleado de Aerolíneas Argentinas
INSERT INTO empleado (id_empleado, nombre, apellidos, correo, telefono, salario, aerolineas_id_oaci)
VALUES (9, 'Juan', 'Pérez', 'juan.perez@example.com', '5556666', 59000.00, 'AR');

-- Empleado de Alitalia
INSERT INTO empleado (id_empleado, nombre, apellidos, correo, telefono, salario, aerolineas_id_oaci)
VALUES (10, 'Giulia', 'Rossi', 'giulia.rossi@example.com', '5557777', 61000.00, 'AZ');

-- Empleado de Iberia
INSERT INTO empleado (id_empleado, nombre, apellidos, correo, telefono, salario, aerolineas_id_oaci)
VALUES (11, 'Luis', 'Garcia', 'luis.garcia@example.com', '5558888', 55000.00, 'IB');

-- Empleado de Aeroflot
INSERT INTO empleado (id_empleado, nombre, apellidos, correo, telefono, salario, aerolineas_id_oaci)
VALUES (12, 'Ivan', 'Petrov', 'ivan.petrov@example.com', '5559999', 62000.00, 'SU');

-- Empleado de Qantas
INSERT INTO empleado (id_empleado, nombre, apellidos, correo, telefono, salario, aerolineas_id_oaci)
VALUES (13, 'Olivia', 'Smith', 'olivia.smith@example.com', '5551010', 60000.00, 'QF');

-- Empleado de Air China
INSERT INTO empleado (id_empleado, nombre, apellidos, correo, telefono, salario, aerolineas_id_oaci)
VALUES (14, 'Li', 'Wang', 'li.wang@example.com', '5552020', 53000.00, 'CA');

-- Empleado de Qantas
INSERT INTO empleado (id_empleado, nombre, apellidos, correo, telefono, salario, aerolineas_id_oaci)
VALUES (15, 'Jack', 'Taylor', 'jack.taylor@example.com', '5553030', 58000.00, 'QF');

-- Empleado de Japan Airlines
INSERT INTO empleado (id_empleado, nombre, apellidos, correo, telefono, salario, aerolineas_id_oaci)
VALUES (16, 'Hiroshi', 'Tanaka', 'hiroshi.tanaka@example.com', '5554040', 60000.00, 'JL');

-- Empleado de South African Airways
INSERT INTO empleado (id_empleado, nombre, apellidos, correo, telefono, salario, aerolineas_id_oaci)
VALUES (17, 'Thabo', 'Maseko', 'thabo.maseko@example.com', '5555050', 57000.00, 'SA');

-- Empleado de Air India
INSERT INTO empleado (id_empleado, nombre, apellidos, correo, telefono, salario, aerolineas_id_oaci)
VALUES (18, 'Amit', 'Sharma', 'amit.sharma@example.com', '5556060', 59000.00, 'AI');

-- Empleado de Turkish Airlines
INSERT INTO empleado (id_empleado, nombre, apellidos, correo, telefono, salario, aerolineas_id_oaci)
VALUES (19, 'Selin', 'Kaya', 'selin.kaya@example.com', '5557070', 62000.00, 'TK');

-- Empleado de Malaysia Airlines
INSERT INTO empleado (id_empleado, nombre, apellidos, correo, telefono, salario, aerolineas_id_oaci)
VALUES (20, 'Ahmad', 'Rahman', 'ahmad.rahman@example.com', '5558080', 61000.00, 'MH');

-- Empleado de Lufthansa
INSERT INTO empleado (id_empleado, nombre, apellidos, correo, telefono, salario, aerolineas_id_oaci)
VALUES (21, 'Hans', 'Schmidt', 'hans.schmidt@example.com', '5559090', 65000.00, 'LH');

-- Empleado de Korean Air
INSERT INTO empleado (id_empleado, nombre, apellidos, correo, telefono, salario, aerolineas_id_oaci)
VALUES (22, 'Min', 'Kim', 'min.kim@example.com', '5551011', 60000.00, 'KE');

-- Empleado de Delta Airlines
INSERT INTO empleado (id_empleado, nombre, apellidos, correo, telefono, salario, aerolineas_id_oaci)
VALUES (23, 'Nathan', 'Evans', 'nathan.evans@example.com', '5551112', 64000.00, 'DL');

-- Empleado de United Airlines
INSERT INTO empleado (id_empleado, nombre, apellidos, correo, telefono, salario, aerolineas_id_oaci)
VALUES (24, 'Olivia', 'Jones', 'olivia.jones@example.com', '5551213', 62000.00, 'UA');

-- Empleado de Air Canada
INSERT INTO empleado (id_empleado, nombre, apellidos, correo, telefono, salario, aerolineas_id_oaci)
VALUES (25, 'Ethan', 'White', 'ethan.white@example.com', '5551314', 59000.00, 'AC');

-- Empleado de Aeroméxico
INSERT INTO empleado (id_empleado, nombre, apellidos, correo, telefono, salario, aerolineas_id_oaci)
VALUES (26, 'Ana', 'López', 'ana.lopez@example.com', '5551415', 61000.00, 'AM');

-- Empleado de GOL Linhas Aéreas
INSERT INTO empleado (id_empleado, nombre, apellidos, correo, telefono, salario, aerolineas_id_oaci)
VALUES (27, 'João', 'Santos', 'joao.santos@example.com', '5551516', 58000.00, 'G3');

-- Empleado de Aerolíneas Argentinas
INSERT INTO empleado (id_empleado, nombre, apellidos, correo, telefono, salario, aerolineas_id_oaci)
VALUES (28, 'María', 'Rodríguez', 'maria.rodriguez@example.com', '5551617', 60000.00, 'AR');

-- Empleado de Alitalia
INSERT INTO empleado (id_empleado, nombre, apellidos, correo, telefono, salario, aerolineas_id_oaci)
VALUES (29, 'Paolo', 'Bianchi', 'paolo.bianchi@example.com', '5551718', 63000.00, 'AZ');

-- Empleado de Iberia
INSERT INTO empleado (id_empleado, nombre, apellidos, correo, telefono, salario, aerolineas_id_oaci)
VALUES (30, 'Carmen', 'Martínez', 'carmen.martinez@example.com', '5551819', 61000.00, 'IB');


-- PASAJEROS

INSERT INTO pasajeros (id_pasajero, nombre, apellidos, correo, telefono, numeropasaporte, visa)
VALUES (1, 'Jane', 'Smith', 'jane.smith@example.com', '5554321', 'P12345678', 'Visa123');

INSERT INTO pasajeros (id_pasajero, nombre, apellidos, correo, telefono, numeropasaporte, visa)
VALUES (2, 'Louis', 'Martin', 'louis.martin@example.com', '5558765', 'P87654321', 'Visa456');

INSERT INTO pasajeros (id_pasajero, nombre, apellidos, correo, telefono, numeropasaporte, visa)
VALUES (3, 'Alice', 'Brown', 'alice.brown@example.com', '5551239', 'P11223344', 'Visa789');

-- Insertar pasajeros
INSERT INTO pasajeros (id_pasajero, nombre, apellidos, correo, telefono, numeropasaporte, visa)
VALUES (4, 'Carlos', 'García', 'carlos.garcia@example.com', '5556543', 'P33445566', 'Visa101');

INSERT INTO pasajeros (id_pasajero, nombre, apellidos, correo, telefono, numeropasaporte, visa)
VALUES (5, 'Sophie', 'Müller', 'sophie.muller@example.com', '5557654', 'P55667788', 'Visa202');

INSERT INTO pasajeros (id_pasajero, nombre, apellidos, correo, telefono, numeropasaporte, visa)
VALUES (6, 'Yuki', 'Takahashi', 'yuki.takahashi@example.com', '5559876', 'P77889900', 'Visa303');

INSERT INTO pasajeros (id_pasajero, nombre, apellidos, correo, telefono, numeropasaporte, visa)
VALUES (7, 'Fatima', 'Ali', 'fatima.ali@example.com', '5557890', 'P99001122', 'Visa404');

INSERT INTO pasajeros (id_pasajero, nombre, apellidos, correo, telefono, numeropasaporte, visa)
VALUES (8, 'Liam', 'OConnor', 'liam.oconnor@example.com', '5553210', 'P22334455', 'Visa505');

INSERT INTO pasajeros (id_pasajero, nombre, apellidos, correo, telefono, numeropasaporte, visa)
VALUES (9, 'Isabella', 'Rossi', 'isabella.rossi@example.com', '5558760', 'P66778899', 'Visa606');

INSERT INTO pasajeros (id_pasajero, nombre, apellidos, correo, telefono, numeropasaporte, visa)
VALUES (10, 'Mohammed', 'Hassan', 'mohammed.hassan@example.com', '5555432', 'P99887766', 'Visa707');

INSERT INTO pasajeros (id_pasajero, nombre, apellidos, correo, telefono, numeropasaporte, visa)
VALUES (11, 'Emma', 'Wang', 'emma.wang@example.com', '5556789', 'P11224488', 'Visa808');

INSERT INTO pasajeros (id_pasajero, nombre, apellidos, correo, telefono, numeropasaporte, visa)
VALUES (12, 'Lucas', 'Martínez', 'lucas.martinez@example.com', '5551238', 'P33446677', 'Visa909');

INSERT INTO pasajeros (id_pasajero, nombre, apellidos, correo, telefono, numeropasaporte, visa)
VALUES (13, 'Chloe', 'Dubois', 'chloe.dubois@example.com', '5557891', 'P55668899', 'Visa010');

INSERT INTO pasajeros (id_pasajero, nombre, apellidos, correo, telefono, numeropasaporte, visa)
VALUES (14, 'Oliver', 'Schmidt', 'oliver.schmidt@example.com', '5552341', 'P66778811', 'Visa111');

INSERT INTO pasajeros (id_pasajero, nombre, apellidos, correo, telefono, numeropasaporte, visa)
VALUES (15, 'Mia', 'López', 'mia.lopez@example.com', '5558762', 'P99887755', 'Visa212');

INSERT INTO pasajeros (id_pasajero, nombre, apellidos, correo, telefono, numeropasaporte, visa)
VALUES (16, 'Noah', 'Kim', 'noah.kim@example.com', '5554323', 'P22331144', 'Visa313');

INSERT INTO pasajeros (id_pasajero, nombre, apellidos, correo, telefono, numeropasaporte, visa)
VALUES (17, 'Ava', 'Baker', 'ava.baker@example.com', '5557656', 'P11223377', 'Visa414');

INSERT INTO pasajeros (id_pasajero, nombre, apellidos, correo, telefono, numeropasaporte, visa)
VALUES (18, 'Ethan', 'Patel', 'ethan.patel@example.com', '5555435', 'P33445588', 'Visa515');

INSERT INTO pasajeros (id_pasajero, nombre, apellidos, correo, telefono, numeropasaporte, visa)
VALUES (19, 'Sophia', 'Kovács', 'sophia.kovacs@example.com', '5556783', 'P55667799', 'Visa616');

INSERT INTO pasajeros (id_pasajero, nombre, apellidos, correo, telefono, numeropasaporte, visa)
VALUES (20, 'James', 'Nguyen', 'james.nguyen@example.com', '5554329', 'P77889911', 'Visa717');

INSERT INTO pasajeros (id_pasajero, nombre, apellidos, correo, telefono, numeropasaporte, visa)
VALUES (21, 'Amelia', 'Moretti', 'amelia.moretti@example.com', '5558768', 'P99001144', 'Visa818');

INSERT INTO pasajeros (id_pasajero, nombre, apellidos, correo, telefono, numeropasaporte, visa)
VALUES (22, 'William', 'Hernández', 'william.hernandez@example.com', '5555438', 'P22334466', 'Visa919');

INSERT INTO pasajeros (id_pasajero, nombre, apellidos, correo, telefono, numeropasaporte, visa)
VALUES (23, 'Emily', 'Garcia', 'emily.garcia@example.com', '5551237', 'P11224499', 'Visa020');

INSERT INTO pasajeros (id_pasajero, nombre, apellidos, correo, telefono, numeropasaporte, visa)
VALUES (24, 'Logan', 'Tanaka', 'logan.tanaka@example.com', '5556541', 'P33446688', 'Visa121');

INSERT INTO pasajeros (id_pasajero, nombre, apellidos, correo, telefono, numeropasaporte, visa)
VALUES (25, 'Lily', 'Rahman', 'lily.rahman@example.com', '5553212', 'P55668800', 'Visa222');

INSERT INTO pasajeros (id_pasajero, nombre, apellidos, correo, telefono, numeropasaporte, visa)
VALUES (26, 'Henry', 'Ivanov', 'henry.ivanov@example.com', '5559872', 'P66778822', 'Visa323');

INSERT INTO pasajeros (id_pasajero, nombre, apellidos, correo, telefono, numeropasaporte, visa)
VALUES (27, 'Ella', 'Yamamoto', 'ella.yamamoto@example.com', '5557893', 'P77889933', 'Visa424');

INSERT INTO pasajeros (id_pasajero, nombre, apellidos, correo, telefono, numeropasaporte, visa)
VALUES (28, 'Jack', 'Rodríguez', 'jack.rodriguez@example.com', '5558764', 'P99001155', 'Visa525');

INSERT INTO pasajeros (id_pasajero, nombre, apellidos, correo, telefono, numeropasaporte, visa)
VALUES (29, 'Zoe', 'Alvarez', 'zoe.alvarez@example.com', '5554328', 'P22334477', 'Visa626');

INSERT INTO pasajeros (id_pasajero, nombre, apellidos, correo, telefono, numeropasaporte, visa)
VALUES (30, 'Sebastian', 'Chung', 'sebastian.chung@example.com', '5555434', 'P11224400', 'Visa727');


-- EQUIPAJES

-- Insert into equipaje
INSERT INTO equipaje (id_equipaje, peso, largo, alto, ancho, estado, observacion, pasajeros_id_pasajero)
VALUES (1, 23.50, 50.00, 20, 40.00, 'Checked', 'Handle with care', 1);

INSERT INTO equipaje (id_equipaje, peso, largo, alto, ancho, estado, observacion, pasajeros_id_pasajero)
VALUES (2, 18.00, 45.00, 18, 35.00, 'Checked', 'Fragile', 2);

INSERT INTO equipaje (id_equipaje, peso, largo, alto, ancho, estado, observacion, pasajeros_id_pasajero)
VALUES (3, 25.00, 55.00, 22, 42.00, 'Checked', 'Oversized', 3);

-- Insertar equipaje
INSERT INTO equipaje (id_equipaje, peso, largo, alto, ancho, estado, observacion, pasajeros_id_pasajero)
VALUES (4, 22.00, 48.00, 21, 38.00, 'Checked', 'Handle with care', 4);

INSERT INTO equipaje (id_equipaje, peso, largo, alto, ancho, estado, observacion, pasajeros_id_pasajero)
VALUES (5, 19.50, 46.00, 19, 36.00, 'Checked', 'Fragile', 5);

INSERT INTO equipaje (id_equipaje, peso, largo, alto, ancho, estado, observacion, pasajeros_id_pasajero)
VALUES (6, 24.00, 52.00, 23, 44.00, 'Checked', 'Oversized', 6);

INSERT INTO equipaje (id_equipaje, peso, largo, alto, ancho, estado, observacion, pasajeros_id_pasajero)
VALUES (7, 20.00, 47.00, 20, 37.00, 'Checked', 'None', 7);

INSERT INTO equipaje (id_equipaje, peso, largo, alto, ancho, estado, observacion, pasajeros_id_pasajero)
VALUES (8, 21.50, 49.00, 22, 39.00, 'Checked', 'None', 8);

INSERT INTO equipaje (id_equipaje, peso, largo, alto, ancho, estado, observacion, pasajeros_id_pasajero)
VALUES (9, 23.00, 50.00, 21, 40.00, 'Checked', 'Handle with care', 9);

INSERT INTO equipaje (id_equipaje, peso, largo, alto, ancho, estado, observacion, pasajeros_id_pasajero)
VALUES (10, 18.50, 44.00, 18, 34.00, 'Checked', 'None', 10);

INSERT INTO equipaje (id_equipaje, peso, largo, alto, ancho, estado, observacion, pasajeros_id_pasajero)
VALUES (11, 22.50, 51.00, 23, 41.00, 'Checked', 'Fragile', 11);

INSERT INTO equipaje (id_equipaje, peso, largo, alto, ancho, estado, observacion, pasajeros_id_pasajero)
VALUES (12, 19.00, 46.00, 20, 36.00, 'Checked', 'Handle with care', 12);

INSERT INTO equipaje (id_equipaje, peso, largo, alto, ancho, estado, observacion, pasajeros_id_pasajero)
VALUES (13, 24.50, 53.00, 24, 45.00, 'Checked', 'Oversized', 13);

INSERT INTO equipaje (id_equipaje, peso, largo, alto, ancho, estado, observacion, pasajeros_id_pasajero)
VALUES (14, 22.00, 48.00, 21, 38.00, 'Checked', 'Handle with care', 14);

INSERT INTO equipaje (id_equipaje, peso, largo, alto, ancho, estado, observacion, pasajeros_id_pasajero)
VALUES (15, 19.50, 46.00, 19, 36.00, 'Checked', 'Fragile', 15);

INSERT INTO equipaje (id_equipaje, peso, largo, alto, ancho, estado, observacion, pasajeros_id_pasajero)
VALUES (16, 24.00, 52.00, 23, 44.00, 'Checked', 'Oversized', 16);

INSERT INTO equipaje (id_equipaje, peso, largo, alto, ancho, estado, observacion, pasajeros_id_pasajero)
VALUES (17, 22.50, 51.00, 23, 41.00, 'Checked', 'Fragile', 17);

INSERT INTO equipaje (id_equipaje, peso, largo, alto, ancho, estado, observacion, pasajeros_id_pasajero)
VALUES (18, 19.00, 46.00, 20, 36.00, 'Checked', 'Handle with care', 18);

INSERT INTO equipaje (id_equipaje, peso, largo, alto, ancho, estado, observacion, pasajeros_id_pasajero)
VALUES (19, 24.50, 53.00, 24, 45.00, 'Checked', 'Oversized', 19);


INSERT INTO equipaje (id_equipaje, peso, largo, alto, ancho, estado, observacion, pasajeros_id_pasajero)
VALUES (20, 22.00, 48.00, 21, 38.00, 'Checked', 'Handle with care', 20);

INSERT INTO equipaje (id_equipaje, peso, largo, alto, ancho, estado, observacion, pasajeros_id_pasajero)
VALUES (21, 19.50, 46.00, 19, 36.00, 'Checked', 'Fragile', 21);

INSERT INTO equipaje (id_equipaje, peso, largo, alto, ancho, estado, observacion, pasajeros_id_pasajero)
VALUES (22, 24.00, 52.00, 23, 44.00, 'Checked', 'Oversized', 22);

INSERT INTO equipaje (id_equipaje, peso, largo, alto, ancho, estado, observacion, pasajeros_id_pasajero)
VALUES (23, 22.50, 51.00, 23, 41.00, 'Checked', 'Fragile', 23);

INSERT INTO equipaje (id_equipaje, peso, largo, alto, ancho, estado, observacion, pasajeros_id_pasajero)
VALUES (24, 19.00, 46.00, 20, 36.00, 'Checked', 'Handle with care', 24);

INSERT INTO equipaje (id_equipaje, peso, largo, alto, ancho, estado, observacion, pasajeros_id_pasajero)
VALUES (25, 24.50, 53.00, 24, 45.00, 'Checked', 'Oversized', 25);

INSERT INTO equipaje (id_equipaje, peso, largo, alto, ancho, estado, observacion, pasajeros_id_pasajero)
VALUES (26, 19.50, 46.00, 19, 36.00, 'Checked', 'Fragile', 26);

INSERT INTO equipaje (id_equipaje, peso, largo, alto, ancho, estado, observacion, pasajeros_id_pasajero)
VALUES (27, 24.00, 52.00, 23, 44.00, 'Checked', 'Oversized', 27);

INSERT INTO equipaje (id_equipaje, peso, largo, alto, ancho, estado, observacion, pasajeros_id_pasajero)
VALUES (28, 22.50, 51.00, 23, 41.00, 'Checked', 'Fragile', 28);

INSERT INTO equipaje (id_equipaje, peso, largo, alto, ancho, estado, observacion, pasajeros_id_pasajero)
VALUES (29, 19.00, 46.00, 20, 36.00, 'Checked', 'Handle with care', 29);

INSERT INTO equipaje (id_equipaje, peso, largo, alto, ancho, estado, observacion, pasajeros_id_pasajero)
VALUES (30, 24.50, 53.00, 24, 45.00, 'Checked', 'Oversized', 30);

INSERT INTO equipaje (id_equipaje, peso, largo, alto, ancho, estado, observacion, pasajeros_id_pasajero)
VALUES (31, 24.00, 52.00, 23, 44.00, 'Checked', 'Oversized', 17);

INSERT INTO equipaje (id_equipaje, peso, largo, alto, ancho, estado, observacion, pasajeros_id_pasajero)
VALUES (32, 22.50, 51.00, 23, 41.00, 'Checked', 'Fragile', 18);

INSERT INTO equipaje (id_equipaje, peso, largo, alto, ancho, estado, observacion, pasajeros_id_pasajero)
VALUES (33, 19.00, 46.00, 20, 36.00, 'Checked', 'Handle with care', 24);

INSERT INTO equipaje (id_equipaje, peso, largo, alto, ancho, estado, observacion, pasajeros_id_pasajero)
VALUES (34, 24.50, 53.00, 24, 45.00, 'Checked', 'Oversized', 3);

INSERT INTO equipaje (id_equipaje, peso, largo, alto, ancho, estado, observacion, pasajeros_id_pasajero)
VALUES (35, 24.50, 53.00, 24, 45.00, 'Checked', 'Oversized', 7);


-- TERMINALES


INSERT INTO terminales (id_terminal, aeropuerto_id_iata, terminales_id)
VALUES (1, 'LAX', 1);

INSERT INTO terminales (id_terminal, aeropuerto_id_iata, terminales_id)
VALUES (2, 'JFK', 2);

INSERT INTO terminales (id_terminal, aeropuerto_id_iata, terminales_id)
VALUES (3, 'CDG', 3);

INSERT INTO terminales (id_terminal, aeropuerto_id_iata, terminales_id)
VALUES (4, 'YYZ', 4);

INSERT INTO terminales (id_terminal, aeropuerto_id_iata, terminales_id)
VALUES (5, 'MEX', 5);

INSERT INTO terminales (id_terminal, aeropuerto_id_iata, terminales_id)
VALUES (6, 'GUA', 6);

INSERT INTO terminales (id_terminal, aeropuerto_id_iata, terminales_id)
VALUES (7, 'GIG', 7);

INSERT INTO terminales (id_terminal, aeropuerto_id_iata, terminales_id)
VALUES (8, 'EZE', 8);

INSERT INTO terminales (id_terminal, aeropuerto_id_iata, terminales_id)
VALUES (9, 'LHR', 9);

INSERT INTO terminales (id_terminal, aeropuerto_id_iata, terminales_id)
VALUES (10, 'FCO', 10);

INSERT INTO terminales (id_terminal, aeropuerto_id_iata, terminales_id)
VALUES (11, 'MAD', 11);

INSERT INTO terminales (id_terminal, aeropuerto_id_iata, terminales_id)
VALUES (12, 'SVO', 12);

INSERT INTO terminales (id_terminal, aeropuerto_id_iata, terminales_id)
VALUES (13, 'PEK', 13);

INSERT INTO terminales (id_terminal, aeropuerto_id_iata, terminales_id)
VALUES (14, 'SYD', 14);

INSERT INTO terminales (id_terminal, aeropuerto_id_iata, terminales_id)
VALUES (15, 'NRT', 15);

INSERT INTO terminales (id_terminal, aeropuerto_id_iata, terminales_id)
VALUES (16, 'CPT', 16);

INSERT INTO terminales (id_terminal, aeropuerto_id_iata, terminales_id)
VALUES (17, 'DEL', 17);

INSERT INTO terminales (id_terminal, aeropuerto_id_iata, terminales_id)
VALUES (18, 'ATL', 18);

INSERT INTO terminales (id_terminal, aeropuerto_id_iata, terminales_id)
VALUES (19, 'ORD', 19);

INSERT INTO terminales (id_terminal, aeropuerto_id_iata, terminales_id)
VALUES (20, 'DFW', 20);

INSERT INTO terminales (id_terminal, aeropuerto_id_iata, terminales_id)
VALUES (21, 'FRA', 21);

INSERT INTO terminales (id_terminal, aeropuerto_id_iata, terminales_id)
VALUES (22, 'CGK', 22);


INSERT INTO terminales (id_terminal, aeropuerto_id_iata, terminales_id)
VALUES (23, 'DXB', 23);

INSERT INTO terminales (id_terminal, aeropuerto_id_iata, terminales_id)
VALUES (24, 'HKG', 24);

INSERT INTO terminales (id_terminal, aeropuerto_id_iata, terminales_id)
VALUES (25, 'DEN', 25);

INSERT INTO terminales (id_terminal, aeropuerto_id_iata, terminales_id)
VALUES (26, 'BKK', 26);

INSERT INTO terminales (id_terminal, aeropuerto_id_iata, terminales_id)
VALUES (27, 'AMS', 27);

INSERT INTO terminales (id_terminal, aeropuerto_id_iata, terminales_id)
VALUES (28, 'SIN', 28);

INSERT INTO terminales (id_terminal, aeropuerto_id_iata, terminales_id)
VALUES (29, 'CAN', 29);

INSERT INTO terminales (id_terminal, aeropuerto_id_iata, terminales_id)
VALUES (30, 'PVG', 30);

INSERT INTO terminales (id_terminal, aeropuerto_id_iata, terminales_id)
VALUES (31, 'SFO', 31);

INSERT INTO terminales (id_terminal, aeropuerto_id_iata, terminales_id)
VALUES (32, 'IST', 32);


INSERT INTO terminales (id_terminal, aeropuerto_id_iata, terminales_id)
VALUES (33, 'LAS', 33);

INSERT INTO terminales (id_terminal, aeropuerto_id_iata, terminales_id)
VALUES (34, 'CLT', 34);

INSERT INTO terminales (id_terminal, aeropuerto_id_iata, terminales_id)
VALUES (35, 'PHX', 35);

INSERT INTO terminales (id_terminal, aeropuerto_id_iata, terminales_id)
VALUES (36, 'IAH', 36);

INSERT INTO terminales (id_terminal, aeropuerto_id_iata, terminales_id)
VALUES (37, 'MIA', 37);

INSERT INTO terminales (id_terminal, aeropuerto_id_iata, terminales_id)
VALUES (38, 'KUL', 38);

INSERT INTO terminales (id_terminal, aeropuerto_id_iata, terminales_id)
VALUES (39, 'MUC', 39);

INSERT INTO terminales (id_terminal, aeropuerto_id_iata, terminales_id)
VALUES (40, 'ICN', 40);


-- PUERTAS


INSERT INTO puerta (id_puerta, terminales_terminales_id, id_terminal)
VALUES (1, 1, 1);

INSERT INTO puerta (id_puerta, terminales_terminales_id, id_terminal)
VALUES (2, 2, 2);

INSERT INTO puerta (id_puerta, terminales_terminales_id, id_terminal)
VALUES (3, 3, 3);

INSERT INTO puerta (id_puerta, terminales_terminales_id, id_terminal)
VALUES (4, 4, 4);

INSERT INTO puerta (id_puerta, terminales_terminales_id, id_terminal)
VALUES (5, 5, 5);

INSERT INTO puerta (id_puerta, terminales_terminales_id, id_terminal)
VALUES (6, 6, 6);

INSERT INTO puerta (id_puerta, terminales_terminales_id, id_terminal)
VALUES (7, 7, 7);

INSERT INTO puerta (id_puerta, terminales_terminales_id, id_terminal)
VALUES (8, 8, 8);

INSERT INTO puerta (id_puerta, terminales_terminales_id, id_terminal)
VALUES (9, 9, 9);

INSERT INTO puerta (id_puerta, terminales_terminales_id, id_terminal)
VALUES (10, 10, 10);

INSERT INTO puerta (id_puerta, terminales_terminales_id, id_terminal)
VALUES (11, 11, 11);

INSERT INTO puerta (id_puerta, terminales_terminales_id, id_terminal)
VALUES (12, 12, 12);

INSERT INTO puerta (id_puerta, terminales_terminales_id, id_terminal)
VALUES (13, 13, 13);

INSERT INTO puerta (id_puerta, terminales_terminales_id, id_terminal)
VALUES (14, 14, 14);

INSERT INTO puerta (id_puerta, terminales_terminales_id, id_terminal)
VALUES (15, 15, 15);

INSERT INTO puerta (id_puerta, terminales_terminales_id, id_terminal)
VALUES (16, 16, 16);

INSERT INTO puerta (id_puerta, terminales_terminales_id, id_terminal)
VALUES (17, 17, 17);

INSERT INTO puerta (id_puerta, terminales_terminales_id, id_terminal)
VALUES (18, 18, 18);

INSERT INTO puerta (id_puerta, terminales_terminales_id, id_terminal)
VALUES (19, 19, 19);

INSERT INTO puerta (id_puerta, terminales_terminales_id, id_terminal)
VALUES (20, 20, 20);

INSERT INTO puerta (id_puerta, terminales_terminales_id, id_terminal)
VALUES (21, 21, 21);

INSERT INTO puerta (id_puerta, terminales_terminales_id, id_terminal)
VALUES (22, 22, 22);

INSERT INTO puerta (id_puerta, terminales_terminales_id, id_terminal)
VALUES (23, 23, 23);

INSERT INTO puerta (id_puerta, terminales_terminales_id, id_terminal)
VALUES (24, 24, 24);

INSERT INTO puerta (id_puerta, terminales_terminales_id, id_terminal)
VALUES (25, 25, 25);

INSERT INTO puerta (id_puerta, terminales_terminales_id, id_terminal)
VALUES (26, 26, 26);

INSERT INTO puerta (id_puerta, terminales_terminales_id, id_terminal)
VALUES (27, 27, 27);

INSERT INTO puerta (id_puerta, terminales_terminales_id, id_terminal)
VALUES (28, 28, 28);

INSERT INTO puerta (id_puerta, terminales_terminales_id, id_terminal)
VALUES (29, 29, 29);

INSERT INTO puerta (id_puerta, terminales_terminales_id, id_terminal)
VALUES (30, 30, 30);

INSERT INTO puerta (id_puerta, terminales_terminales_id, id_terminal)
VALUES (31, 31, 31);

INSERT INTO puerta (id_puerta, terminales_terminales_id, id_terminal)
VALUES (32, 32, 32);

INSERT INTO puerta (id_puerta, terminales_terminales_id, id_terminal)
VALUES (33, 33, 33);

INSERT INTO puerta (id_puerta, terminales_terminales_id, id_terminal)
VALUES (34, 34, 34);

INSERT INTO puerta (id_puerta, terminales_terminales_id, id_terminal)
VALUES (35, 35, 35);

INSERT INTO puerta (id_puerta, terminales_terminales_id, id_terminal)
VALUES (36, 36, 36);

INSERT INTO puerta (id_puerta, terminales_terminales_id, id_terminal)
VALUES (37, 37, 37);

INSERT INTO puerta (id_puerta, terminales_terminales_id, id_terminal)
VALUES (38, 38, 38);

INSERT INTO puerta (id_puerta, terminales_terminales_id, id_terminal)
VALUES (39, 39, 39);

INSERT INTO puerta (id_puerta, terminales_terminales_id, id_terminal)
VALUES (40, 40, 40);


-- TRIPULACION


INSERT INTO tripulacion (id_tripulacion)
VALUES (1);

INSERT INTO tripulacion (id_tripulacion)
VALUES (2);

INSERT INTO tripulacion (id_tripulacion)
VALUES (3);

INSERT INTO tripulacion (id_tripulacion)
VALUES (4);

INSERT INTO tripulacion (id_tripulacion)
VALUES (5);

INSERT INTO tripulacion (id_tripulacion)
VALUES (6);

INSERT INTO tripulacion (id_tripulacion)
VALUES (7);

INSERT INTO tripulacion (id_tripulacion)
VALUES (8);

INSERT INTO tripulacion (id_tripulacion)
VALUES (9);

INSERT INTO tripulacion (id_tripulacion)
VALUES (10);


-- MANTENIMIENTO

-- Insert into mantenimiento
INSERT INTO mantenimiento (id_mantenimiento, descripcion, aviones_id_matricula)
VALUES (1, 'Engine Check', 'N123AA');

INSERT INTO mantenimiento (id_mantenimiento, descripcion, aviones_id_matricula)
VALUES (2, 'Landing Gear Check', 'F456AF');

INSERT INTO mantenimiento (id_mantenimiento, descripcion, aviones_id_matricula)
VALUES (3, 'Interior Cleaning', 'B789BA');

INSERT INTO mantenimiento (id_mantenimiento, descripcion, aviones_id_matricula)
VALUES (4, 'Engine Check', 'N456DL');

INSERT INTO mantenimiento (id_mantenimiento, descripcion, aviones_id_matricula)
VALUES (5, 'Landing Gear Check', 'N789UA');

INSERT INTO mantenimiento (id_mantenimiento, descripcion, aviones_id_matricula)
VALUES (6, 'Interior Cleaning', 'C001AC');

INSERT INTO mantenimiento (id_mantenimiento, descripcion, aviones_id_matricula)
VALUES (7, 'Engine Check', 'XA-AM1');

INSERT INTO mantenimiento (id_mantenimiento, descripcion, aviones_id_matricula)
VALUES (8, 'Landing Gear Check', 'PR-G3A');

INSERT INTO mantenimiento (id_mantenimiento, descripcion, aviones_id_matricula)
VALUES (9, 'Interior Cleaning', 'LV-FUA');

INSERT INTO mantenimiento (id_mantenimiento, descripcion, aviones_id_matricula)
VALUES (10, 'Engine Check', 'I-AZ01');

INSERT INTO mantenimiento (id_mantenimiento, descripcion, aviones_id_matricula)
VALUES (11, 'Landing Gear Check', 'EC-IB01');

INSERT INTO mantenimiento (id_mantenimiento, descripcion, aviones_id_matricula)
VALUES (12, 'Interior Cleaning', 'RA-8900');

INSERT INTO mantenimiento (id_mantenimiento, descripcion, aviones_id_matricula)
VALUES (13, 'Landing Gear Check', 'VH-QF01');

INSERT INTO mantenimiento (id_mantenimiento, descripcion, aviones_id_matricula)
VALUES (14, 'Interior Cleaning', 'D-ABVA');

INSERT INTO mantenimiento (id_mantenimiento, descripcion, aviones_id_matricula)
VALUES (15, 'Landing Gear Check', 'RA-8901');


-- PUESTOS

-- PILOTOS

INSERT INTO puesto (id_puesto, rol, empleado_id_empleado, tripulacion_id_tripulacion)
VALUES (1, 'P', 1, 1);

INSERT INTO puesto (id_puesto, rol, empleado_id_empleado, tripulacion_id_tripulacion)
VALUES (2, 'P', 2, 2);

INSERT INTO puesto (id_puesto, rol, empleado_id_empleado, tripulacion_id_tripulacion)
VALUES (3, 'P', 3, 3);

INSERT INTO puesto (id_puesto, rol, empleado_id_empleado, tripulacion_id_tripulacion)
VALUES (4, 'P', 4, 4);

INSERT INTO puesto (id_puesto, rol, empleado_id_empleado, tripulacion_id_tripulacion)
VALUES (5, 'P', 5, 5);

INSERT INTO puesto (id_puesto, rol, empleado_id_empleado, tripulacion_id_tripulacion)
VALUES (6, 'P', 6, 6);

INSERT INTO puesto (id_puesto, rol, empleado_id_empleado, tripulacion_id_tripulacion)
VALUES (7, 'P', 7, 7);

INSERT INTO puesto (id_puesto, rol, empleado_id_empleado, tripulacion_id_tripulacion)
VALUES (8, 'P', 8, 8);

INSERT INTO puesto (id_puesto, rol, empleado_id_empleado, tripulacion_id_tripulacion)
VALUES (9, 'P', 9, 9);

INSERT INTO puesto (id_puesto, rol, empleado_id_empleado, tripulacion_id_tripulacion)
VALUES (10, 'P', 10, 10);

-- COPILOTOS

INSERT INTO puesto (id_puesto, rol, empleado_id_empleado, tripulacion_id_tripulacion)
VALUES (11, 'C', 11, 1);

INSERT INTO puesto (id_puesto, rol, empleado_id_empleado, tripulacion_id_tripulacion)
VALUES (12, 'C', 12, 2);

INSERT INTO puesto (id_puesto, rol, empleado_id_empleado, tripulacion_id_tripulacion)
VALUES (13, 'C', 13, 3);

INSERT INTO puesto (id_puesto, rol, empleado_id_empleado, tripulacion_id_tripulacion)
VALUES (14, 'C', 14, 4);

INSERT INTO puesto (id_puesto, rol, empleado_id_empleado, tripulacion_id_tripulacion)
VALUES (15, 'C', 15, 5);

INSERT INTO puesto (id_puesto, rol, empleado_id_empleado, tripulacion_id_tripulacion)
VALUES (16, 'C', 16, 6);

INSERT INTO puesto (id_puesto, rol, empleado_id_empleado, tripulacion_id_tripulacion)
VALUES (17, 'C', 17, 7);

INSERT INTO puesto (id_puesto, rol, empleado_id_empleado, tripulacion_id_tripulacion)
VALUES (18, 'C', 18, 8);

INSERT INTO puesto (id_puesto, rol, empleado_id_empleado, tripulacion_id_tripulacion)
VALUES (19, 'C', 19, 9);

INSERT INTO puesto (id_puesto, rol, empleado_id_empleado, tripulacion_id_tripulacion)
VALUES (20, 'C', 20, 10);

-- ASISTENTES

INSERT INTO puesto (id_puesto, rol, empleado_id_empleado, tripulacion_id_tripulacion)
VALUES (21, 'A', 21, 1);

INSERT INTO puesto (id_puesto, rol, empleado_id_empleado, tripulacion_id_tripulacion)
VALUES (22, 'A', 22, 2);

INSERT INTO puesto (id_puesto, rol, empleado_id_empleado, tripulacion_id_tripulacion)
VALUES (23, 'A', 23, 3);

INSERT INTO puesto (id_puesto, rol, empleado_id_empleado, tripulacion_id_tripulacion)
VALUES (24, 'A', 24, 4);

INSERT INTO puesto (id_puesto, rol, empleado_id_empleado, tripulacion_id_tripulacion)
VALUES (25, 'A', 25, 5);

INSERT INTO puesto (id_puesto, rol, empleado_id_empleado, tripulacion_id_tripulacion)
VALUES (26, 'A', 26, 6);

INSERT INTO puesto (id_puesto, rol, empleado_id_empleado, tripulacion_id_tripulacion)
VALUES (27, 'A', 27, 7);

INSERT INTO puesto (id_puesto, rol, empleado_id_empleado, tripulacion_id_tripulacion)
VALUES (28, 'A', 28, 8);

INSERT INTO puesto (id_puesto, rol, empleado_id_empleado, tripulacion_id_tripulacion)
VALUES (29, 'A', 29, 9);

INSERT INTO puesto (id_puesto, rol, empleado_id_empleado, tripulacion_id_tripulacion)
VALUES (30, 'A', 30, 10);

-- RUTA


INSERT INTO ruta (id_ruta, distancia, duracion, aorigen_origen, adestino_destino)
VALUES (1, 2500.00, 5.50, 1, 1);

INSERT INTO ruta (id_ruta, distancia, duracion, aorigen_origen, adestino_destino)
VALUES (2, 3000.00, 6.00, 2, 2);

INSERT INTO ruta (id_ruta, distancia, duracion, aorigen_origen, adestino_destino)
VALUES (3, 3500.00, 7.00, 3, 3);

INSERT INTO ruta (id_ruta, distancia, duracion, aorigen_origen, adestino_destino)
VALUES (4, 1500.00, 2.50, 4, 4);

INSERT INTO ruta (id_ruta, distancia, duracion, aorigen_origen, adestino_destino)
VALUES (5, 1000.00, 1.00, 5, 5);

INSERT INTO ruta (id_ruta, distancia, duracion, aorigen_origen, adestino_destino)
VALUES (6, 2500.00, 5.00, 6, 6);

INSERT INTO ruta (id_ruta, distancia, duracion, aorigen_origen, adestino_destino)
VALUES (7, 3500.00, 6.00, 7, 7);

INSERT INTO ruta (id_ruta, distancia, duracion, aorigen_origen, adestino_destino)
VALUES (8, 2300.00, 10.00, 8, 8);

INSERT INTO ruta (id_ruta, distancia, duracion, aorigen_origen, adestino_destino)
VALUES (9, 1400.00, 2.00, 9, 9);

INSERT INTO ruta (id_ruta, distancia, duracion, aorigen_origen, adestino_destino)
VALUES (10, 5600.00, 6.00, 10, 10);

INSERT INTO ruta (id_ruta, distancia, duracion, aorigen_origen, adestino_destino)
VALUES (11, 4500.00, 6.50, 11, 11);

INSERT INTO ruta (id_ruta, distancia, duracion, aorigen_origen, adestino_destino)
VALUES (12, 5000.00, 7.00, 12, 12);

INSERT INTO ruta (id_ruta, distancia, duracion, aorigen_origen, adestino_destino)
VALUES (13, 6500.00, 6.50, 13, 13);

INSERT INTO ruta (id_ruta, distancia, duracion, aorigen_origen, adestino_destino)
VALUES (14, 3500.00, 1.50, 14, 14);

INSERT INTO ruta (id_ruta, distancia, duracion, aorigen_origen, adestino_destino)
VALUES (15, 2000.00, 2.00, 15, 15);

INSERT INTO ruta (id_ruta, distancia, duracion, aorigen_origen, adestino_destino)
VALUES (16, 3500.00, 5.00, 16, 16);

INSERT INTO ruta (id_ruta, distancia, duracion, aorigen_origen, adestino_destino)
VALUES (17, 4500.00, 6.00, 17, 17);

INSERT INTO ruta (id_ruta, distancia, duracion, aorigen_origen, adestino_destino)
VALUES (18, 6300.00, 9.00, 18, 18);

INSERT INTO ruta (id_ruta, distancia, duracion, aorigen_origen, adestino_destino)
VALUES (19, 6400.00, 12.00, 19, 19);

INSERT INTO ruta (id_ruta, distancia, duracion, aorigen_origen, adestino_destino)
VALUES (20, 7600.00, 16.00, 20, 20);


-- VUELOS


INSERT INTO vuelo (id_vuelo, fecha_llegada, fecha_salida, ruta_id_ruta, tripulacion_id_tripulacion, aerolineas_id_oaci, aviones_id_matricula, puerta_id_puerta, estado)
VALUES (1, TO_DATE('2024-12-01 09:30', 'YYYY-MM-DD HH24:MI'), TO_DATE('2024-12-01 06:30', 'YYYY-MM-DD HH24:MI'), 1, 1, 'AA', 'N123AA', 1, 'P'); --LAX

INSERT INTO vuelo (id_vuelo, fecha_llegada, fecha_salida, ruta_id_ruta, tripulacion_id_tripulacion, aerolineas_id_oaci, aviones_id_matricula, puerta_id_puerta, estado)
VALUES (2, TO_DATE('2024-06-02 14:00', 'YYYY-MM-DD HH24:MI'), TO_DATE('2024-06-02 10:00', 'YYYY-MM-DD HH24:MI'), 2, 2, 'AF', 'F456AF', 3, 'F'); --CDG

INSERT INTO vuelo (id_vuelo, fecha_llegada, fecha_salida, ruta_id_ruta, tripulacion_id_tripulacion, aerolineas_id_oaci, aviones_id_matricula, puerta_id_puerta, estado)
VALUES (3, TO_DATE('2024-06-03 18:00', 'YYYY-MM-DD HH24:MI'), TO_DATE('2024-06-03 15:00', 'YYYY-MM-DD HH24:MI'), 3, 3, 'BA', 'B789BA', 6, 'F'); --GUA

INSERT INTO vuelo (id_vuelo, fecha_llegada, fecha_salida, ruta_id_ruta, tripulacion_id_tripulacion, aerolineas_id_oaci, aviones_id_matricula, puerta_id_puerta, estado)
VALUES (4, TO_DATE('2024-11-02 09:30', 'YYYY-MM-DD HH24:MI'), TO_DATE('2024-11-02 06:30', 'YYYY-MM-DD HH24:MI'), 1, 1, 'AA', 'N123AA', 1, 'P'); --LAX

INSERT INTO vuelo (id_vuelo, fecha_llegada, fecha_salida, ruta_id_ruta, tripulacion_id_tripulacion, aerolineas_id_oaci, aviones_id_matricula, puerta_id_puerta, estado)
VALUES (5, TO_DATE('2024-12-02 19:00', 'YYYY-MM-DD HH24:MI'), TO_DATE('2024-11-02 14:00', 'YYYY-MM-DD HH24:MI'), 2, 2, 'AF', 'F456AF', 3, 'P'); --CDG

INSERT INTO vuelo (id_vuelo, fecha_llegada, fecha_salida, ruta_id_ruta, tripulacion_id_tripulacion, aerolineas_id_oaci, aviones_id_matricula, puerta_id_puerta, estado)
VALUES (6, TO_DATE('2024-09-25 19:00', 'YYYY-MM-DD HH24:MI'), TO_DATE('2024-09-25 15:00', 'YYYY-MM-DD HH24:MI'), 6, 2, 'SU', 'RA-8900', 35, 'P'); --PHX

INSERT INTO vuelo (id_vuelo, fecha_llegada, fecha_salida, ruta_id_ruta, tripulacion_id_tripulacion, aerolineas_id_oaci, aviones_id_matricula, puerta_id_puerta, estado)
VALUES (7, TO_DATE('2024-09-26 20:00', 'YYYY-MM-DD HH24:MI'), TO_DATE('2024-09-26 15:00', 'YYYY-MM-DD HH24:MI'), 7, 3, 'UA', 'N789UA', 11, 'P'); -- MAD


INSERT INTO vuelo (id_vuelo, fecha_llegada, fecha_salida, ruta_id_ruta, tripulacion_id_tripulacion, aerolineas_id_oaci, aviones_id_matricula, puerta_id_puerta, estado)
VALUES (8, TO_DATE('2024-09-27 23:00', 'YYYY-MM-DD HH24:MI'), TO_DATE('2024-09-27 15:00', 'YYYY-MM-DD HH24:MI'), 8, 1, 'AC', 'C001AC', 2, 'P'); -- JFK


INSERT INTO vuelo (id_vuelo, fecha_llegada, fecha_salida, ruta_id_ruta, tripulacion_id_tripulacion, aerolineas_id_oaci, aviones_id_matricula, puerta_id_puerta, estado)
VALUES (9, TO_DATE('2024-03-14 17:00', 'YYYY-MM-DD HH24:MI'), TO_DATE('2024-03-14 15:00', 'YYYY-MM-DD HH24:MI'), 3, 3, 'BA', 'B789BA', 6, 'F'); -- GUA


INSERT INTO vuelo (id_vuelo, fecha_llegada, fecha_salida, ruta_id_ruta, tripulacion_id_tripulacion, aerolineas_id_oaci, aviones_id_matricula, puerta_id_puerta, estado)
VALUES (10, TO_DATE('2024-07-16 18:00', 'YYYY-MM-DD HH24:MI'), TO_DATE('2024-07-16 15:00', 'YYYY-MM-DD HH24:MI'), 1, 3, 'BA', 'B789BA', 1, 'F'); --LAX


INSERT INTO vuelo (id_vuelo, fecha_llegada, fecha_salida, ruta_id_ruta, tripulacion_id_tripulacion, aerolineas_id_oaci, aviones_id_matricula, puerta_id_puerta, estado)
VALUES (11, TO_DATE('2024-04-22 18:00', 'YYYY-MM-DD HH24:MI'), TO_DATE('2024-04-22 15:00', 'YYYY-MM-DD HH24:MI'), 2, 4, 'BA', 'B789BA', 3, 'F'); -- CDG

INSERT INTO vuelo (id_vuelo, fecha_llegada, fecha_salida, ruta_id_ruta, tripulacion_id_tripulacion, aerolineas_id_oaci, aviones_id_matricula, puerta_id_puerta, estado)
VALUES (12, TO_DATE('2024-09-13 19:00', 'YYYY-MM-DD HH24:MI'), TO_DATE('2024-09-13 11:00', 'YYYY-MM-DD HH24:MI'), 3, 5, 'SU', 'RA-8900', 6, 'T'); -- GUA

INSERT INTO vuelo (id_vuelo, fecha_llegada, fecha_salida, ruta_id_ruta, tripulacion_id_tripulacion, aerolineas_id_oaci, aviones_id_matricula, puerta_id_puerta, estado)
VALUES (13, TO_DATE('2024-12-03 15:00', 'YYYY-MM-DD HH24:MI'), TO_DATE('2024-09-13 09:00', 'YYYY-MM-DD HH24:MI'), 4, 6, 'UA', 'N789UA', 39, 'P'); -- MUC


INSERT INTO vuelo (id_vuelo, fecha_llegada, fecha_salida, ruta_id_ruta, tripulacion_id_tripulacion, aerolineas_id_oaci, aviones_id_matricula, puerta_id_puerta, estado)
VALUES (14, TO_DATE('2024-12-03 23:00', 'YYYY-MM-DD HH24:MI'), TO_DATE('2024-12-03 15:00', 'YYYY-MM-DD HH24:MI'), 5, 7, 'AC', 'C001AC', 5, 'P'); -- MEX


INSERT INTO vuelo (id_vuelo, fecha_llegada, fecha_salida, ruta_id_ruta, tripulacion_id_tripulacion, aerolineas_id_oaci, aviones_id_matricula, puerta_id_puerta, estado)
VALUES (15, TO_DATE('2024-08-12 17:00', 'YYYY-MM-DD HH24:MI'), TO_DATE('2024-08-12 15:00', 'YYYY-MM-DD HH24:MI'), 6, 8, 'BA', 'B789BA', 35, 'F');  -- PHX


INSERT INTO vuelo (id_vuelo, fecha_llegada, fecha_salida, ruta_id_ruta, tripulacion_id_tripulacion, aerolineas_id_oaci, aviones_id_matricula, puerta_id_puerta, estado)
VALUES (16, TO_DATE('2024-07-16 18:00', 'YYYY-MM-DD HH24:MI'), TO_DATE('2024-07-16 15:00', 'YYYY-MM-DD HH24:MI'), 7, 9, 'BA', 'B789BA', 11, 'F');  -- MAD


INSERT INTO vuelo (id_vuelo, fecha_llegada, fecha_salida, ruta_id_ruta, tripulacion_id_tripulacion, aerolineas_id_oaci, aviones_id_matricula, puerta_id_puerta, estado)
VALUES (17, TO_DATE('2024-04-23 18:00', 'YYYY-MM-DD HH24:MI'), TO_DATE('2024-04-23 15:00', 'YYYY-MM-DD HH24:MI'), 8, 10, 'BA', 'B789BA', 2, 'F');  -- JFK

INSERT INTO vuelo (id_vuelo, fecha_llegada, fecha_salida, ruta_id_ruta, tripulacion_id_tripulacion, aerolineas_id_oaci, aviones_id_matricula, puerta_id_puerta, estado)
VALUES (18, TO_DATE('2024-09-24 19:00', 'YYYY-MM-DD HH24:MI'), TO_DATE('2024-09-24 15:00', 'YYYY-MM-DD HH24:MI'), 9, 2, 'SU', 'RA-8900', 34, 'P');  -- CLT

INSERT INTO vuelo (id_vuelo, fecha_llegada, fecha_salida, ruta_id_ruta, tripulacion_id_tripulacion, aerolineas_id_oaci, aviones_id_matricula, puerta_id_puerta, estado)
VALUES (19, TO_DATE('2024-09-09 20:00', 'YYYY-MM-DD HH24:MI'), TO_DATE('2024-09-09 15:00', 'YYYY-MM-DD HH24:MI'), 10, 3, 'UA', 'N789UA', 10, 'F');   -- FCO

INSERT INTO vuelo (id_vuelo, fecha_llegada, fecha_salida, ruta_id_ruta, tripulacion_id_tripulacion, aerolineas_id_oaci, aviones_id_matricula, puerta_id_puerta, estado)
VALUES (20, TO_DATE('2024-01-15 23:00', 'YYYY-MM-DD HH24:MI'), TO_DATE('2024-01-15 15:00', 'YYYY-MM-DD HH24:MI'), 11, 4, 'AC', 'C001AC', 7, 'F'); -- GIG

INSERT INTO vuelo (id_vuelo, fecha_llegada, fecha_salida, ruta_id_ruta, tripulacion_id_tripulacion, aerolineas_id_oaci, aviones_id_matricula, puerta_id_puerta, estado)
VALUES (21, TO_DATE('2024-12-01 09:30', 'YYYY-MM-DD HH24:MI'), TO_DATE('2024-12-01 06:30', 'YYYY-MM-DD HH24:MI'), 12, 5, 'DL', 'N456DL', 9, 'P'); -- LHR

INSERT INTO vuelo (id_vuelo, fecha_llegada, fecha_salida, ruta_id_ruta, tripulacion_id_tripulacion, aerolineas_id_oaci, aviones_id_matricula, puerta_id_puerta, estado)
VALUES (22, TO_DATE('2024-06-02 14:00', 'YYYY-MM-DD HH24:MI'), TO_DATE('2024-06-02 10:00', 'YYYY-MM-DD HH24:MI'), 13, 6, 'UA', 'N789UA', 14, 'F'); -- SYD

INSERT INTO vuelo (id_vuelo, fecha_llegada, fecha_salida, ruta_id_ruta, tripulacion_id_tripulacion, aerolineas_id_oaci, aviones_id_matricula, puerta_id_puerta, estado)
VALUES (23, TO_DATE('2024-09-13 18:00', 'YYYY-MM-DD HH24:MI'), TO_DATE('2024-09-13 15:00', 'YYYY-MM-DD HH24:MI'), 14, 7, 'AC', 'C001AC', 16, 'T'); -- CPT

INSERT INTO vuelo (id_vuelo, fecha_llegada, fecha_salida, ruta_id_ruta, tripulacion_id_tripulacion, aerolineas_id_oaci, aviones_id_matricula, puerta_id_puerta, estado)
VALUES (24, TO_DATE('2024-11-02 09:30', 'YYYY-MM-DD HH24:MI'), TO_DATE('2024-11-02 06:30', 'YYYY-MM-DD HH24:MI'), 4, 8, 'AM', 'XA-AM1', 39, 'P'); -- MUC

INSERT INTO vuelo (id_vuelo, fecha_llegada, fecha_salida, ruta_id_ruta, tripulacion_id_tripulacion, aerolineas_id_oaci, aviones_id_matricula, puerta_id_puerta, estado)
VALUES (25, TO_DATE('2024-11-02 19:00', 'YYYY-MM-DD HH24:MI'), TO_DATE('2024-11-02 14:00', 'YYYY-MM-DD HH24:MI'), 15, 9, 'G3', 'PR-G3A', 4, 'P'); -- YYZ

INSERT INTO vuelo (id_vuelo, fecha_llegada, fecha_salida, ruta_id_ruta, tripulacion_id_tripulacion, aerolineas_id_oaci, aviones_id_matricula, puerta_id_puerta, estado)
VALUES (26, TO_DATE('2024-09-25 19:00', 'YYYY-MM-DD HH24:MI'), TO_DATE('2024-09-25 15:00', 'YYYY-MM-DD HH24:MI'), 6, 10, 'AR', 'LV-FUA', 35, 'P'); --PHX

INSERT INTO vuelo (id_vuelo, fecha_llegada, fecha_salida, ruta_id_ruta, tripulacion_id_tripulacion, aerolineas_id_oaci, aviones_id_matricula, puerta_id_puerta, estado)
VALUES (27, TO_DATE('2024-09-26 20:00', 'YYYY-MM-DD HH24:MI'), TO_DATE('2024-09-26 15:00', 'YYYY-MM-DD HH24:MI'), 17, 7, 'AZ', 'I-AZ01', 23, 'P'); -- DXB

INSERT INTO vuelo (id_vuelo, fecha_llegada, fecha_salida, ruta_id_ruta, tripulacion_id_tripulacion, aerolineas_id_oaci, aviones_id_matricula, puerta_id_puerta, estado)
VALUES (28, TO_DATE('2024-09-27 23:00', 'YYYY-MM-DD HH24:MI'), TO_DATE('2024-09-27 15:00', 'YYYY-MM-DD HH24:MI'), 16, 8, 'IB', 'EC-IB01', 18, 'P'); -- ATL

INSERT INTO vuelo (id_vuelo, fecha_llegada, fecha_salida, ruta_id_ruta, tripulacion_id_tripulacion, aerolineas_id_oaci, aviones_id_matricula, puerta_id_puerta, estado)
VALUES (29, TO_DATE('2024-03-14 17:00', 'YYYY-MM-DD HH24:MI'), TO_DATE('2024-03-14 15:00', 'YYYY-MM-DD HH24:MI'), 18, 9, 'SU', 'RA-8900', 27, 'F'); -- AMS

INSERT INTO vuelo (id_vuelo, fecha_llegada, fecha_salida, ruta_id_ruta, tripulacion_id_tripulacion, aerolineas_id_oaci, aviones_id_matricula, puerta_id_puerta, estado)
VALUES (30, TO_DATE('2024-07-16 18:00', 'YYYY-MM-DD HH24:MI'), TO_DATE('2024-07-16 15:00', 'YYYY-MM-DD HH24:MI'), 19, 10, 'DL', 'N456DL', 28, 'F'); -- SIN

INSERT INTO vuelo (id_vuelo, fecha_llegada, fecha_salida, ruta_id_ruta, tripulacion_id_tripulacion, aerolineas_id_oaci, aviones_id_matricula, puerta_id_puerta, estado)
VALUES (31, TO_DATE('2024-04-22 18:00', 'YYYY-MM-DD HH24:MI'), TO_DATE('2024-04-22 15:00', 'YYYY-MM-DD HH24:MI'),  5, 1, 'UA', 'N789UA', 5, 'F'); -- MEX

INSERT INTO vuelo (id_vuelo, fecha_llegada, fecha_salida, ruta_id_ruta, tripulacion_id_tripulacion, aerolineas_id_oaci, aviones_id_matricula, puerta_id_puerta, estado)
VALUES (32, TO_DATE('2024-09-13 19:00', 'YYYY-MM-DD HH24:MI'), TO_DATE('2024-09-13 11:00', 'YYYY-MM-DD HH24:MI'), 6, 2, 'AC', 'C001AC', 35, 'T'); -- PHX

INSERT INTO vuelo (id_vuelo, fecha_llegada, fecha_salida, ruta_id_ruta, tripulacion_id_tripulacion, aerolineas_id_oaci, aviones_id_matricula, puerta_id_puerta, estado)
VALUES (33, TO_DATE('2024-12-03 15:00', 'YYYY-MM-DD HH24:MI'), TO_DATE('2024-09-13 09:00', 'YYYY-MM-DD HH24:MI'), 7, 3, 'AM', 'XA-AM1', 11, 'F'); -- MAD

INSERT INTO vuelo (id_vuelo, fecha_llegada, fecha_salida, ruta_id_ruta, tripulacion_id_tripulacion, aerolineas_id_oaci, aviones_id_matricula, puerta_id_puerta, estado)
VALUES (34, TO_DATE('2024-12-03 23:00', 'YYYY-MM-DD HH24:MI'), TO_DATE('2024-09-27 15:00', 'YYYY-MM-DD HH24:MI'), 20, 4, 'G3', 'PR-G3A', 38, 'P');  -- KUL

INSERT INTO vuelo (id_vuelo, fecha_llegada, fecha_salida, ruta_id_ruta, tripulacion_id_tripulacion, aerolineas_id_oaci, aviones_id_matricula, puerta_id_puerta, estado)
VALUES (35, TO_DATE('2024-08-12 17:00', 'YYYY-MM-DD HH24:MI'), TO_DATE('2024-08-12 15:00', 'YYYY-MM-DD HH24:MI'), 3, 5, 'AR', 'LV-FUA', 6, 'F'); -- GUA

INSERT INTO vuelo (id_vuelo, fecha_llegada, fecha_salida, ruta_id_ruta, tripulacion_id_tripulacion, aerolineas_id_oaci, aviones_id_matricula, puerta_id_puerta, estado)
VALUES (36, TO_DATE('2024-07-16 18:00', 'YYYY-MM-DD HH24:MI'), TO_DATE('2024-07-16 15:00', 'YYYY-MM-DD HH24:MI'), 4, 6, 'AZ', 'I-AZ01', 39, 'F'); -- MUC

INSERT INTO vuelo (id_vuelo, fecha_llegada, fecha_salida, ruta_id_ruta, tripulacion_id_tripulacion, aerolineas_id_oaci, aviones_id_matricula, puerta_id_puerta, estado)
VALUES (37, TO_DATE('2024-12-13 23:00', 'YYYY-MM-DD HH24:MI'), TO_DATE('2024-12-13 15:00', 'YYYY-MM-DD HH24:MI'), 5, 7, 'IB', 'EC-IB01', 5, 'P'); -- MEX

INSERT INTO vuelo (id_vuelo, fecha_llegada, fecha_salida, ruta_id_ruta, tripulacion_id_tripulacion, aerolineas_id_oaci, aviones_id_matricula, puerta_id_puerta, estado)
VALUES (38, TO_DATE('2024-08-12 17:00', 'YYYY-MM-DD HH24:MI'), TO_DATE('2024-08-12 15:00', 'YYYY-MM-DD HH24:MI'), 6, 8, 'SU', 'RA-8900', 35, 'F');  -- PHX

INSERT INTO vuelo (id_vuelo, fecha_llegada, fecha_salida, ruta_id_ruta, tripulacion_id_tripulacion, aerolineas_id_oaci, aviones_id_matricula, puerta_id_puerta, estado)
VALUES (39, TO_DATE('2024-06-10 17:00', 'YYYY-MM-DD HH24:MI'), TO_DATE('2024-06-10 15:00', 'YYYY-MM-DD HH24:MI'), 7, 9, 'DL', 'N456DL', 11, 'F'); -- MAD

INSERT INTO vuelo (id_vuelo, fecha_llegada, fecha_salida, ruta_id_ruta, tripulacion_id_tripulacion, aerolineas_id_oaci, aviones_id_matricula, puerta_id_puerta, estado)
VALUES (40, TO_DATE('2024-05-20 12:00', 'YYYY-MM-DD HH24:MI'), TO_DATE('2024-05-20 10:00', 'YYYY-MM-DD HH24:MI'), 8, 10, 'UA', 'N789UA', 2, 'F'); -- JFK


-- RESERVAS

INSERT INTO reserva (id_reserva, fecha, metodopago, estado, vuelo_id_vuelo, pasajeros_id_pasajero)
VALUES (1, TO_DATE('2024-02-01', 'YYYY-MM-DD'), 'C', 'A', 1, 1);

INSERT INTO reserva (id_reserva, fecha, metodopago, estado, vuelo_id_vuelo, pasajeros_id_pasajero)
VALUES (2, TO_DATE('2024-02-02', 'YYYY-MM-DD'), 'D', 'O', 2, 2);

INSERT INTO reserva (id_reserva, fecha, metodopago, estado, vuelo_id_vuelo, pasajeros_id_pasajero)
VALUES (3, TO_DATE('2024-02-03', 'YYYY-MM-DD'), 'E', 'C', 3, 3);

INSERT INTO reserva (id_reserva, fecha, metodopago, estado, vuelo_id_vuelo, pasajeros_id_pasajero)
VALUES (4, TO_DATE('2024-02-01', 'YYYY-MM-DD'), 'C', 'A', 1, 2);

INSERT INTO reserva (id_reserva, fecha, metodopago, estado, vuelo_id_vuelo, pasajeros_id_pasajero)
VALUES (5, TO_DATE('2024-02-03', 'YYYY-MM-DD'), 'E', 'A', 3, 1);

INSERT INTO reserva (id_reserva, fecha, metodopago, estado, vuelo_id_vuelo, pasajeros_id_pasajero)
VALUES (6, TO_DATE('2024-02-03', 'YYYY-MM-DD'), 'C', 'A', 3, 2);

INSERT INTO reserva (id_reserva, fecha, metodopago, estado, vuelo_id_vuelo, pasajeros_id_pasajero)
VALUES (7, TO_DATE('2024-02-03', 'YYYY-MM-DD'), 'C', 'A', 3, 4);

INSERT INTO reserva (id_reserva, fecha, metodopago, estado, vuelo_id_vuelo, pasajeros_id_pasajero)
VALUES (8, TO_DATE('2024-02-03', 'YYYY-MM-DD'), 'D', 'A', 3, 5);

INSERT INTO reserva (id_reserva, fecha, metodopago, estado, vuelo_id_vuelo, pasajeros_id_pasajero)
VALUES (9, TO_DATE('2024-09-03', 'YYYY-MM-DD'), 'E', 'C', 4, 6);

INSERT INTO reserva (id_reserva, fecha, metodopago, estado, vuelo_id_vuelo, pasajeros_id_pasajero)
VALUES (10, TO_DATE('2024-08-16', 'YYYY-MM-DD'), 'C', 'C', 5, 7);

INSERT INTO reserva (id_reserva, fecha, metodopago, estado, vuelo_id_vuelo, pasajeros_id_pasajero)
VALUES (11, TO_DATE('2024-08-19', 'YYYY-MM-DD'), 'C', 'C', 12, 9);

INSERT INTO reserva (id_reserva, fecha, metodopago, estado, vuelo_id_vuelo, pasajeros_id_pasajero)
VALUES (12, TO_DATE('2024-08-24', 'YYYY-MM-DD'), 'D', 'C', 19, 12);

---

INSERT INTO reserva (id_reserva, fecha, metodopago, estado, vuelo_id_vuelo, pasajeros_id_pasajero)
VALUES (13, TO_DATE('2024-04-01', 'YYYY-MM-DD'), 'C', 'A', 40, 20);

INSERT INTO reserva (id_reserva, fecha, metodopago, estado, vuelo_id_vuelo, pasajeros_id_pasajero)
VALUES (14, TO_DATE('2024-02-02', 'YYYY-MM-DD'), 'D', 'A', 39, 19);

INSERT INTO reserva (id_reserva, fecha, metodopago, estado, vuelo_id_vuelo, pasajeros_id_pasajero)
VALUES (15, TO_DATE('2024-02-03', 'YYYY-MM-DD'), 'E', 'A', 38, 18);

INSERT INTO reserva (id_reserva, fecha, metodopago, estado, vuelo_id_vuelo, pasajeros_id_pasajero)
VALUES (16, TO_DATE('2024-02-01', 'YYYY-MM-DD'), 'C', 'A', 36, 7);

INSERT INTO reserva (id_reserva, fecha, metodopago, estado, vuelo_id_vuelo, pasajeros_id_pasajero)
VALUES (17, TO_DATE('2024-02-03', 'YYYY-MM-DD'), 'E', 'A', 35, 5);

INSERT INTO reserva (id_reserva, fecha, metodopago, estado, vuelo_id_vuelo, pasajeros_id_pasajero)
VALUES (18, TO_DATE('2024-02-03', 'YYYY-MM-DD'), 'C', 'A', 33, 22);

INSERT INTO reserva (id_reserva, fecha, metodopago, estado, vuelo_id_vuelo, pasajeros_id_pasajero)
VALUES (19, TO_DATE('2024-02-03', 'YYYY-MM-DD'), 'C', 'A', 31, 24);

INSERT INTO reserva (id_reserva, fecha, metodopago, estado, vuelo_id_vuelo, pasajeros_id_pasajero)
VALUES (20, TO_DATE('2024-02-03', 'YYYY-MM-DD'), 'D', 'A', 30, 5);

INSERT INTO reserva (id_reserva, fecha, metodopago, estado, vuelo_id_vuelo, pasajeros_id_pasajero)
VALUES (21, TO_DATE('2024-02-03', 'YYYY-MM-DD'), 'D', 'A', 29, 15);

INSERT INTO reserva (id_reserva, fecha, metodopago, estado, vuelo_id_vuelo, pasajeros_id_pasajero)
VALUES (22, TO_DATE('2024-02-03', 'YYYY-MM-DD'), 'D', 'A', 22, 25);

INSERT INTO reserva (id_reserva, fecha, metodopago, estado, vuelo_id_vuelo, pasajeros_id_pasajero)
VALUES (23, TO_DATE('2024-02-03', 'YYYY-MM-DD'), 'D', 'A', 20, 18);

INSERT INTO reserva (id_reserva, fecha, metodopago, estado, vuelo_id_vuelo, pasajeros_id_pasajero)
VALUES (24, TO_DATE('2024-02-03', 'YYYY-MM-DD'), 'D', 'A', 19, 12);

INSERT INTO reserva (id_reserva, fecha, metodopago, estado, vuelo_id_vuelo, pasajeros_id_pasajero)
VALUES (25, TO_DATE('2024-02-03', 'YYYY-MM-DD'), 'D', 'A', 15, 29);

INSERT INTO reserva (id_reserva, fecha, metodopago, estado, vuelo_id_vuelo, pasajeros_id_pasajero)
VALUES (26, TO_DATE('2024-02-03', 'YYYY-MM-DD'), 'D', 'A', 16, 27);

INSERT INTO reserva (id_reserva, fecha, metodopago, estado, vuelo_id_vuelo, pasajeros_id_pasajero)
VALUES (27, TO_DATE('2024-02-03', 'YYYY-MM-DD'), 'D', 'A', 17, 8);

INSERT INTO reserva (id_reserva, fecha, metodopago, estado, vuelo_id_vuelo, pasajeros_id_pasajero)
VALUES (28, TO_DATE('2024-02-03', 'YYYY-MM-DD'), 'D', 'A', 9, 27);

INSERT INTO reserva (id_reserva, fecha, metodopago, estado, vuelo_id_vuelo, pasajeros_id_pasajero)
VALUES (29, TO_DATE('2024-02-03', 'YYYY-MM-DD'), 'D', 'A', 10, 28);

INSERT INTO reserva (id_reserva, fecha, metodopago, estado, vuelo_id_vuelo, pasajeros_id_pasajero)
VALUES (30, TO_DATE('2024-02-03', 'YYYY-MM-DD'), 'D', 'A', 11, 18);

INSERT INTO reserva (id_reserva, fecha, metodopago, estado, vuelo_id_vuelo, pasajeros_id_pasajero)
VALUES (31, TO_DATE('2024-02-03', 'YYYY-MM-DD'), 'E', 'A', 1, 19);



-- HISTORIA VP

INSERT INTO historia_vp (id_historial, vuelo_id_vuelo, pasajeros_id_pasajero)
VALUES (1, 1, 1);

INSERT INTO historia_vp (id_historial, vuelo_id_vuelo, pasajeros_id_pasajero)
VALUES (2, 2, 2);

INSERT INTO historia_vp (id_historial, vuelo_id_vuelo, pasajeros_id_pasajero)
VALUES (3, 3, 1);

INSERT INTO historia_vp (id_historial, vuelo_id_vuelo, pasajeros_id_pasajero)
VALUES (4, 1, 2);

INSERT INTO historia_vp (id_historial, vuelo_id_vuelo, pasajeros_id_pasajero)
VALUES (5, 3, 2);

INSERT INTO historia_vp (id_historial, vuelo_id_vuelo, pasajeros_id_pasajero)
VALUES (6, 3, 4);

INSERT INTO historia_vp (id_historial, vuelo_id_vuelo, pasajeros_id_pasajero)
VALUES (7, 3, 5);

INSERT INTO historia_vp (id_historial, vuelo_id_vuelo, pasajeros_id_pasajero)
VALUES (8, 8, 8);

INSERT INTO historia_vp (id_historial, vuelo_id_vuelo, pasajeros_id_pasajero)
VALUES (9, 5, 9);

INSERT INTO historia_vp (id_historial, vuelo_id_vuelo, pasajeros_id_pasajero)
VALUES (10, 6, 10);

INSERT INTO historia_vp (id_historial, vuelo_id_vuelo, pasajeros_id_pasajero)
VALUES (11, 3, 11);

INSERT INTO historia_vp (id_historial, vuelo_id_vuelo, pasajeros_id_pasajero)
VALUES (12, 4, 12);

INSERT INTO historia_vp (id_historial, vuelo_id_vuelo, pasajeros_id_pasajero)
VALUES (13, 1, 13);

INSERT INTO historia_vp (id_historial, vuelo_id_vuelo, pasajeros_id_pasajero)
VALUES (14, 2, 14);

INSERT INTO historia_vp (id_historial, vuelo_id_vuelo, pasajeros_id_pasajero)
VALUES (15, 3, 15);

INSERT INTO historia_vp (id_historial, vuelo_id_vuelo, pasajeros_id_pasajero)
VALUES (16, 4, 16);

INSERT INTO historia_vp (id_historial, vuelo_id_vuelo, pasajeros_id_pasajero)
VALUES (17, 1, 17);

INSERT INTO historia_vp (id_historial, vuelo_id_vuelo, pasajeros_id_pasajero)
VALUES (18, 2, 18);

INSERT INTO historia_vp (id_historial, vuelo_id_vuelo, pasajeros_id_pasajero)
VALUES (19, 3, 19);

INSERT INTO historia_vp (id_historial, vuelo_id_vuelo, pasajeros_id_pasajero)
VALUES (20, 4, 20);

INSERT INTO historia_vp (id_historial, vuelo_id_vuelo, pasajeros_id_pasajero)
VALUES (21, 3, 21);

INSERT INTO historia_vp (id_historial, vuelo_id_vuelo, pasajeros_id_pasajero)
VALUES (22, 4, 22);

INSERT INTO historia_vp (id_historial, vuelo_id_vuelo, pasajeros_id_pasajero)
VALUES (23, 1, 23);

INSERT INTO historia_vp (id_historial, vuelo_id_vuelo, pasajeros_id_pasajero)
VALUES (24, 2, 24);

INSERT INTO historia_vp (id_historial, vuelo_id_vuelo, pasajeros_id_pasajero)
VALUES (25, 3, 25);

INSERT INTO historia_vp (id_historial, vuelo_id_vuelo, pasajeros_id_pasajero)
VALUES (26, 4, 26);

INSERT INTO historia_vp (id_historial, vuelo_id_vuelo, pasajeros_id_pasajero)
VALUES (27, 1, 27);

INSERT INTO historia_vp (id_historial, vuelo_id_vuelo, pasajeros_id_pasajero)
VALUES (28, 2, 28);

INSERT INTO historia_vp (id_historial, vuelo_id_vuelo, pasajeros_id_pasajero)
VALUES (29, 3, 29);

INSERT INTO historia_vp (id_historial, vuelo_id_vuelo, pasajeros_id_pasajero)
VALUES (30, 4, 30);



-- ASIENTOS


INSERT INTO asiento (id_numero, tarifa_id_tarifa, estado, aviones_id_matricula, reserva_id_reserva)
VALUES (1, 1, 'O', 'N123AA', 1);

INSERT INTO asiento (id_numero, tarifa_id_tarifa, estado, aviones_id_matricula, reserva_id_reserva)
VALUES (2, 2, 'O', 'F456AF', 2);

INSERT INTO asiento (id_numero, tarifa_id_tarifa, estado, aviones_id_matricula, reserva_id_reserva)
VALUES (3, 3, 'O', 'B789BA', 8);

INSERT INTO asiento (id_numero, tarifa_id_tarifa, estado, aviones_id_matricula, reserva_id_reserva)
VALUES (4, 2, 'O', 'N123AA', 4);

INSERT INTO asiento (id_numero, tarifa_id_tarifa, estado, aviones_id_matricula, reserva_id_reserva)
VALUES (5, 3, 'O', 'B789BA', 5);

INSERT INTO asiento (id_numero, tarifa_id_tarifa, estado, aviones_id_matricula, reserva_id_reserva)
VALUES (6, 3, 'O', 'B789BA', 6);

INSERT INTO asiento (id_numero, tarifa_id_tarifa, estado, aviones_id_matricula, reserva_id_reserva)
VALUES (7, 3, 'O', 'B789BA', 7);

INSERT INTO asiento (id_numero, tarifa_id_tarifa, estado, aviones_id_matricula, reserva_id_reserva)
VALUES (7, 3, 'O', 'B789BA', 14);

---

INSERT INTO asiento (id_numero, tarifa_id_tarifa, estado, aviones_id_matricula, reserva_id_reserva)
VALUES (8, 1, 'O', 'N789UA', 13);

INSERT INTO asiento (id_numero, tarifa_id_tarifa, estado, aviones_id_matricula, reserva_id_reserva)
VALUES (9, 2, 'O', 'N456DL', 14);

INSERT INTO asiento (id_numero, tarifa_id_tarifa, estado, aviones_id_matricula, reserva_id_reserva)
VALUES (10, 3, 'O', 'RA-8900', 15);

INSERT INTO asiento (id_numero, tarifa_id_tarifa, estado, aviones_id_matricula, reserva_id_reserva)
VALUES (11, 2, 'O', 'I-AZ01', 16);

INSERT INTO asiento (id_numero, tarifa_id_tarifa, estado, aviones_id_matricula, reserva_id_reserva)
VALUES (12, 3, 'O', 'LV-FUA', 17);

INSERT INTO asiento (id_numero, tarifa_id_tarifa, estado, aviones_id_matricula, reserva_id_reserva)
VALUES (13, 3, 'O', 'XA-AM1', 18);

INSERT INTO asiento (id_numero, tarifa_id_tarifa, estado, aviones_id_matricula, reserva_id_reserva)
VALUES (14, 3, 'O', 'N789UA', 19);


INSERT INTO asiento (id_numero, tarifa_id_tarifa, estado, aviones_id_matricula, reserva_id_reserva)
VALUES (15, 1, 'O', 'N456DL', 20);

INSERT INTO asiento (id_numero, tarifa_id_tarifa, estado, aviones_id_matricula, reserva_id_reserva)
VALUES (16, 2, 'O', 'RA-8900', 21);

INSERT INTO asiento (id_numero, tarifa_id_tarifa, estado, aviones_id_matricula, reserva_id_reserva)
VALUES (17, 3, 'O', 'N789UA', 22);

INSERT INTO asiento (id_numero, tarifa_id_tarifa, estado, aviones_id_matricula, reserva_id_reserva)
VALUES (18, 2, 'O', 'C001AC', 23);

INSERT INTO asiento (id_numero, tarifa_id_tarifa, estado, aviones_id_matricula, reserva_id_reserva)
VALUES (19, 3, 'O', 'N789UA', 24);

INSERT INTO asiento (id_numero, tarifa_id_tarifa, estado, aviones_id_matricula, reserva_id_reserva)
VALUES (20, 3, 'O', 'B789BA', 25);

INSERT INTO asiento (id_numero, tarifa_id_tarifa, estado, aviones_id_matricula, reserva_id_reserva)
VALUES (21, 3, 'O', 'B789BA', 26);

INSERT INTO asiento (id_numero, tarifa_id_tarifa, estado, aviones_id_matricula, reserva_id_reserva)
VALUES (22, 2, 'O', 'B789BA', 27);

INSERT INTO asiento (id_numero, tarifa_id_tarifa, estado, aviones_id_matricula, reserva_id_reserva)
VALUES (23, 3, 'O', 'B789BA', 28);

INSERT INTO asiento (id_numero, tarifa_id_tarifa, estado, aviones_id_matricula, reserva_id_reserva)
VALUES (24, 3, 'O', 'B789BA', 29);

INSERT INTO asiento (id_numero, tarifa_id_tarifa, estado, aviones_id_matricula, reserva_id_reserva)
VALUES (25, 3, 'O', 'B789BA', 30);

INSERT INTO asiento (id_numero, tarifa_id_tarifa, estado, aviones_id_matricula, reserva_id_reserva)
VALUES (26, 2, 'O', 'N123AA', 31);


-- TARIFA

-- Insert into tarifa
INSERT INTO tarifa (id_tarifa, precio, clase)
VALUES (1, 200.00, 'E');

INSERT INTO tarifa (id_tarifa, precio, clase)
VALUES (2, 500.00, 'B');

INSERT INTO tarifa (id_tarifa, precio, clase)
VALUES (3, 1000.00, 'F');
